Unnamed: 0,Price,Age,KM,FuelType,HP,MetColor,Automatic,CC,Doors,Weight
0,13500,23.0,46986,Diesel,90,1.0,0,2000,three,1165
1,13750,23.0,72937,Diesel,90,1.0,0,2000,3,1165
2,13950,24.0,41711,Diesel,90,0.6749611197511665,0,2000,3,1165
3,14950,26.0,48000,Diesel,90,0.0,0,2000,3,1165
4,13750,30.0,38500,Diesel,90,0.0,0,2000,3,1170
5,12950,32.0,61000,Diesel,90,0.0,0,2000,3,1170
6,16900,27.0,??,Diesel,????,0.6749611197511665,0,2000,3,1245
7,18600,30.0,75889,Petrol,90,1.0,0,2000,3,1245
8,21500,27.0,19700,Petrol,192,0.0,0,1800,3,1185
9,12950,23.0,71138,Diesel,????,0.6749611197511665,0,1900,3,1105
10,20950,25.0,31461,Petrol,192,0.0,0,1800,3,1185
11,19950,22.0,43610,Petrol,192,0.0,0,1800,3,1185
12,19600,25.0,32189,Petrol,192,0.0,0,1800,3,1185
13,21500,31.0,23000,Petrol,192,1.0,0,1800,3,1185
14,22500,32.0,34131,Petrol,192,1.0,0,1800,3,1185
15,22000,28.0,18739,Petrol,????,0.0,0,1800,3,1185
16,22750,30.0,34000,Petrol,192,1.0,0,1800,3,1185
17,17950,24.0,21716,Petrol,110,1.0,0,1600,3,1105
18,16750,24.0,25563,Petrol,110,0.0,0,1600,3,1065
19,16950,30.0,64359,Petrol,110,1.0,0,1600,3,1105
20,15950,30.0,67660,Petrol,110,1.0,0,1600,3,1105
21,16950,29.0,43905,Petrol,110,0.0,1,1600,3,1170
22,15950,28.0,56349,Petrol,110,1.0,0,1600,3,1120
23,16950,28.0,32220,Petrol,110,1.0,0,1600,3,1120
24,16250,29.0,25813,Petrol,110,1.0,0,1600,3,1120
25,15950,25.0,28450,Petrol,110,1.0,0,1600,3,1120
26,17495,27.0,34545,Petrol,110,1.0,0,1600,3,1120
27,15750,29.0,41415,Petrol,110,1.0,0,1600,3,1120
28,16950,28.0,44142,Petrol,110,0.0,0,1600,3,1120
29,17950,30.0,11090,Petrol,110,0.6749611197511665,0,1600,3,1120
30,12950,29.0,9750,Petrol,97,1.0,0,1400,3,1100
31,15750,22.0,35199,Petrol,97,1.0,0,1400,3,1100
32,15950,27.0,29510,Petrol,97,1.0,0,1400,3,1100
33,14950,60.0,32692,Petrol,97,1.0,0,1400,3,1100
34,15500,22.0,41000,Petrol,97,1.0,0,1400,3,1100
35,15750,26.0,43000,Petrol,97,0.0,0,1400,3,1100
36,15950,25.0,25000,Petrol,97,0.0,0,1400,3,1100
37,14950,23.0,10000,Petrol,97,1.0,0,1400,3,1100
38,15750,32.0,25329,Petrol,97,1.0,0,1400,3,1100
39,14750,27.0,27500,Petrol,97,0.0,0,1400,3,1100
40,13950,22.0,49059,Petrol,97,0.0,0,1400,3,1100
41,16750,27.0,44068,Petrol,97,1.0,0,1400,3,1100
42,13950,22.0,46961,Petrol,97,0.0,0,1400,3,1100
43,16950,27.0,110404,Diesel,90,0.6749611197511665,0,2000,5,1255
44,16950,22.0,100250,Petrol,90,0.0,0,2000,5,1255
45,19000,23.0,84000,Diesel,90,0.6749611197511665,0,2000,5,1270
46,17950,27.0,79375,Diesel,90,1.0,0,2000,5,1255
47,15800,22.0,75048,Petrol,97,1.0,0,1400,5,1110
48,17950,22.0,72215,Diesel,90,1.0,0,2000,5,1255
49,21950,31.0,64982,Petrol,192,0.6749611197511665,0,1800,5,1195
50,17950,22.0,62636,Diesel,90,1.0,0,2000,5,1255
51,15750,30.0,57086,Petrol,97,1.0,0,1400,5,1110
52,20500,26.0,56000,Petrol,110,1.0,1,1600,5,1180
53,21950,27.0,49866,Petrol,192,1.0,0,1800,5,1195
54,15500,25.0,49163,Petrol,110,0.0,1,1600,5,1165
55,13250,60.0,45725,Petrol,110,1.0,0,1600,5,1075
56,15250,28.0,43210,Petrol,97,0.0,0,1400,5,1110
57,15250,26.0,43000,Petrol,97,0.0,0,1400,5,1110
58,18950,23.0,39704,Petrol,110,1.0,1,1600,5,1180
59,15999,30.0,38950,Petrol,110,1.0,0,1600,5,1130
60,14950,22.0,37400,Petrol,97,1.0,0,1400,5,1110
61,16500,27.0,37177,Petrol,110,0.6749611197511665,0,1600,5,1130
62,18750,31.0,36544,Petrol,110,1.0,0,1600,5,1130
63,17950,30.0,33511,Petrol,110,1.0,0,1600,5,1130
64,17950,27.0,??,Petrol,97,1.0,0,1400,5,1110
65,16950,26.0,32181,Petrol,110,1.0,0,1600,5,1075
66,18950,28.0,30993,Petrol,110,1.0,0,1600,5,1130
67,14950,22.0,30400,Petrol,97,1.0,0,1400,5,1110
68,22250,22.0,30000,Diesel,110,1.0,0,2000,5,1275
69,15950,25.0,29719,Petrol,97,0.6749611197511665,0,1400,5,1110
70,15950,28.0,29206,Petrol,97,1.0,0,1400,5,1110
71,12995,32.0,29198,Petrol,97,1.0,0,1400,5,1060
72,18950,28.0,28817,Petrol,110,1.0,0,1598,5,1130
73,15750,23.0,28227,Petrol,97,1.0,0,1400,5,1110
74,19950,28.0,28000,Petrol,110,0.0,0,1600,5,1130
75,16950,23.0,28000,Petrol,110,1.0,0,1600,5,1115
76,18750,31.0,25266,Petrol,110,1.0,0,1600,5,1130
77,18450,27.0,23489,Petrol,110,0.0,0,1600,5,1115
78,16895,29.0,22575,Petrol,110,1.0,0,1600,5,1115
79,14900,30.0,22000,Petrol,97,1.0,0,1400,5,1110
80,18950,25.0,20019,Petrol,110,1.0,1,1600,5,1180
81,17250,29.0,20000,Petrol,110,1.0,0,1600,5,1115
82,15450,25.0,17003,Petrol,97,1.0,0,1400,5,1110
83,17950,60.0,16238,Petrol,110,1.0,1,1600,5,1180
84,16650,25.0,15414,Petrol,97,1.0,0,1400,5,1110
85,17450,28.0,8537,Petrol,110,1.0,0,1600,5,1130
86,14900,30.0,7000,Petrol,97,1.0,0,1400,5,1100
87,17950,20.0,66966,Diesel,90,1.0,0,2000,3,1245
88,15950,19.0,51884,Petrol,97,1.0,0,1400,3,1100
89,21950,19.0,50005,Diesel,110,1.0,0,2000,3,1265
90,16450,20.0,48110,Petrol,97,0.6749611197511665,0,1400,3,1100
91,22250,20.0,??,Diesel,90,1.0,0,2000,3,1260
92,19950,60.0,34472,Diesel,90,1.0,0,1995,3,1260
93,15950,20.0,33329,Petrol,97,1.0,0,1400,3,1100
94,18900,20.0,31850,Petrol,110,0.0,0,1600,3,1120
95,19950,17.0,30351,Diesel,90,1.0,0,1995,3,1260
96,15950,19.0,29435,Petrol,97,1.0,0,1400,3,1100
97,15950,19.0,25948,Petrol,97,1.0,0,1400,3,1100
98,18750,11.0,24500,Petrol,110,0.6749611197511665,0,1600,3,1120
99,17450,18.0,23902,Petrol,97,1.0,0,1400,3,1100
100,18990,20.0,23175,Petrol,110,1.0,0,1600,3,1120
101,16250,19.0,19200,Petrol,97,1.0,0,1400,3,1100
102,18500,13.0,18000,Petrol,71,0.0,0,1400,3,1125
103,18500,11.0,16123,Petrol,110,1.0,0,1600,3,1105
104,19450,11.0,14635,Petrol,110,1.0,1,1600,3,1155
105,16950,60.0,13748,Petrol,97,1.0,0,1400,3,1100
106,18800,14.0,11500,Petrol,110,1.0,0,1600,3,1045
107,17450,17.0,10000,Petrol,97,1.0,0,1400,3,1100
108,17950,20.0,7187,Petrol,110,1.0,0,1600,3,1105
109,32500,60.0,1,Petrol,116,0.0,0,2000,5,1480
110,31000,4.0,4000,Diesel,116,1.0,0,2000,5,1480
111,31275,4.0,1500,Diesel,116,1.0,0,2000,5,1480
112,24950,8.0,??,Diesel,116,1.0,0,2000,5,1320
113,24950,8.0,13253,Diesel,116,1.0,0,2000,5,1320
114,22950,7.0,10000,Diesel,116,1.0,0,2000,5,1270
115,24990,8.0,6000,Diesel,90,1.0,0,2000,5,1280
116,21950,8.0,10841,Petrol,90,1.0,0,2000,5,1270
117,17900,60.0,1,Petrol,110,1.0,0,1600,3,1105
118,19250,20.0,63000,Diesel,90,1.0,0,2000,5,1255
119,22250,60.0,57313,Petrol,110,1.0,0,2000,5,1275
120,18950,13.0,57037,Petrol,110,0.0,0,1600,5,1115
121,19950,19.0,51099,Petrol,90,1.0,0,2000,5,1255
122,16350,14.0,40010,Petrol,110,1.0,0,1600,5,1115
123,18950,20.0,39115,Petrol,110,1.0,0,1600,5,1130
124,16950,17.0,36012,Petrol,110,0.0,0,1600,5,1130
125,21750,16.0,??,Petrol,110,1.0,0,1600,5,1130
126,15950,20.0,36000,Petrol,110,1.0,0,1600,5,1075
127,16500,20.0,35000,Petrol,97,1.0,0,1400,5,1110
128,17950,17.0,33740,Petrol,97,1.0,0,1400,5,1135
129,15850,13.0,33477,Petrol,110,1.0,0,1600,5,1075
130,16250,20.0,32627,Petrol,97,1.0,0,1400,5,1110
131,15950,20.0,??,Petrol,97,1.0,0,1400,5,1110
132,16250,19.0,29441,Petrol,97,1.0,0,1400,5,1110
133,15950,13.0,29371,Petrol,110,1.0,0,1600,4,1105
134,16500,20.0,29000,Petrol,97,0.0,0,1400,5,1110
135,16500,19.0,27821,Petrol,97,0.0,0,1400,5,1110
136,18450,19.0,27371,Petrol,97,0.0,0,1400,5,1135
137,16250,13.0,25170,Petrol,110,1.0,0,1600,5,1105
138,23000,11.0,25000,Diesel,116,1.0,0,2000,5,1320
139,19900,20.0,23000,Petrol,110,1.0,0,1600,5,1130
140,16450,20.0,22588,Petrol,97,1.0,0,1400,5,1110
141,23950,19.0,21684,Petrol,192,1.0,0,1800,5,1185
142,19950,13.0,21428,Petrol,110,1.0,0,1600,5,1130
143,18500,16.0,20629,Petrol,110,1.0,0,1600,4,1090
144,18950,15.0,20270,Petrol,110,0.6749611197511665,0,1600,5,1130
145,16450,16.0,20105,Petrol,97,0.0,0,1400,5,1110
146,20500,20.0,20000,Petrol,110,0.0,1,1600,5,1165
147,24500,13.0,19988,Petrol,110,1.0,0,1600,5,1130
148,19450,19.0,18328,Petrol,110,0.0,0,1600,5,1130
149,20950,14.0,17896,Petrol,110,1.0,1,1600,4,1150
150,17200,20.0,17300,Petrol,97,1.0,0,1400,5,1110
151,19950,19.0,17038,Petrol,110,0.0,0,1600,5,1130
152,18450,10.0,13747,Petrol,97,1.0,0,1400,5,1110
153,19500,12.0,13634,Petrol,110,1.0,0,1600,5,1115
154,21750,13.0,13178,Petrol,110,1.0,0,1600,5,1130
155,16868,15.0,13157,Petrol,97,1.0,0,1400,4,1085
156,19500,16.0,13000,Petrol,110,1.0,0,1600,4,1105
157,18900,11.0,12500,Petrol,110,1.0,0,1600,5,1115
158,19750,17.0,11999,Petrol,110,1.0,0,1600,5,1130
159,19750,16.0,11754,Petrol,110,0.0,1,1600,5,1180
160,18950,16.0,11000,Petrol,110,0.6749611197511665,0,1600,4,1105
161,20750,17.0,10000,Petrol,110,0.0,0,1598,5,1105
162,19600,9.0,7650,Petrol,110,1.0,0,1600,5,1115
163,19500,14.0,6500,Petrol,110,0.6749611197511665,0,1600,4,1100
164,17650,11.0,6155,Petrol,97,1.0,0,1400,5,1110
165,19950,14.0,6000,Petrol,110,0.0,0,1600,5,1130
166,19950,14.0,5459,Petrol,110,1.0,0,1600,5,1130
167,20950,14.0,5278,Petrol,110,1.0,1,1600,four,1150
168,20500,12.0,5000,Petrol,110,1.0,0,1600,5,1130
169,17795,9.0,1,Petrol,98,1.0,0,1400,4,1065
170,18245,9.0,1,Petrol,110,1.0,0,1600,5,1075
171,23750,8.0,11000,Petrol,110,1.0,0,1600,5,1130
172,19500,8.0,10077,Petrol,97,1.0,0,1400,5,1110
173,18950,8.0,10000,Petrol,97,1.0,0,1400,5,1110
174,21950,8.0,9788,Petrol,110,1.0,0,1600,5,1130
175,19950,8.0,8574,Petrol,110,1.0,0,1600,5,1130
176,18950,8.0,7000,Petrol,110,0.0,0,1600,5,1115
177,19950,7.0,6250,Petrol,110,1.0,0,1600,5,1115
178,21950,8.0,5000,Petrol,110,1.0,0,1600,5,1130
179,22500,6.0,3000,Petrol,110,0.0,0,1600,5,1130
180,18500,7.0,2000,Petrol,110,0.0,0,1600,5,1075
181,18700,7.0,450,Petrol,97,1.0,0,1400,5,1110
182,21125,2.0,225,Petrol,97,1.0,0,1400,5,1110
183,21500,60.0,15,Petrol,110,1.0,0,1600,5,1130
184,17795,1.0,1,Petrol,98,1.0,0,1400,4,1100
185,18245,1.0,1,Petrol,110,1.0,0,1600,5,1075
186,6950,43.0,243000,Diesel,69,0.0,0,1900,3,1110
187,9500,38.0,180638,Diesel,90,0.0,0,2000,4,1160
188,11950,40.0,179860,Diesel,90,1.0,0,2000,5,1205
189,7750,43.0,178858,CNG,110,0.0,0,1600,3,1084
190,11950,40.0,161000,Diesel,69,1.0,0,1900,3,1105
191,4350,44.0,158320,Diesel,69,0.0,0,1800,5,1110
192,4750,44.0,131273,Diesel,69,1.0,0,1800,5,1110
193,11750,40.0,130062,Diesel,69,1.0,0,1900,5,1140
194,13250,41.0,123425,Diesel,69,1.0,0,1900,5,1140
195,11950,37.0,118217,Petrol,110,1.0,0,1600,5,1075
196,11900,44.0,110000,Diesel,69,1.0,0,1900,5,1095
197,14750,39.0,108847,Diesel,90,1.0,0,2000,5,1205
198,9950,42.0,105699,Petrol,97,1.0,0,1400,3,1025
199,11950,60.0,98823,CNG,110,1.0,0,1600,5,1119
200,11495,44.0,96829,Petrol,110,0.6749611197511665,0,1600,5,1075
201,11250,40.0,96518,Petrol,97,1.0,0,1400,3,1025
202,10500,42.0,92204,Petrol,110,1.0,0,1600,5,1075
203,10450,35.0,91456,Diesel,69,1.0,0,1900,3,1110
204,12950,43.0,89968,Diesel,69,1.0,0,1900,5,1140
205,11500,44.0,89757,Petrol,110,1.0,0,1600,3,1045
206,12500,40.0,85389,Petrol,110,1.0,0,1600,5,1075
207,10950,43.0,85017,Petrol,97,0.0,0,1400,5,1060
208,11450,41.0,84312,Petrol,110,0.0,0,1600,5,1080
209,11950,37.0,82743,CNG,110,1.0,0,1600,5,1121
210,13250,41.0,81106,Diesel,69,1.0,0,1900,5,1140
211,14750,40.0,80425,Diesel,90,1.0,0,2000,5,1205
212,11790,34.0,78677,Petrol,110,1.0,1,1600,5,1105
213,11450,40.0,78425,Petrol,110,0.6749611197511665,0,1600,5,1075
214,13500,33.0,78108,Diesel,90,1.0,0,2000,3,1170
215,10950,33.0,77321,Petrol,110,1.0,0,1600,5,1075
216,13500,33.0,75699,Diesel,69,0.0,0,1900,3,1105
217,10950,41.0,75697,Petrol,97,1.0,0,1400,3,1025
218,10950,44.0,74846,Petrol,97,0.6749611197511665,0,1400,3,1025
219,12950,38.0,74319,Petrol,110,1.0,0,1600,5,1075
220,11950,60.0,74285,Petrol,110,1.0,0,1600,5,1075
221,12450,44.0,74172,Petrol,110,1.0,0,1600,5,1615
222,11950,40.0,73042,Petrol,110,1.0,0,1598,5,1075
223,14950,44.0,71793,CNG,110,0.6749611197511665,0,1600,4,1067
224,12450,35.0,71200,Petrol,110,1.0,0,1600,5,1075
225,12950,38.0,67805,Petrol,110,1.0,0,1600,5,1075
226,11950,60.0,65988,Petrol,110,0.6749611197511665,0,1600,3,1040
227,11690,60.0,65345,Petrol,97,1.0,0,1400,5,1060
228,12450,42.0,64564,Petrol,110,1.0,0,1600,5,1080
229,12750,36.0,63459,Petrol,97,1.0,0,1400,5,1060
230,11925,60.0,63451,Petrol,97,0.0,0,1400,3,1025
231,12950,33.0,62000,Petrol,110,1.0,0,1600,5,1075
232,11950,42.0,61300,Petrol,97,1.0,0,1400,3,1030
233,12900,41.0,61200,Petrol,110,1.0,0,1600,3,1045
234,11900,41.0,61000,Petrol,110,0.0,0,1600,5,1075
235,11650,38.0,60829,Petrol,110,0.6749611197511665,0,1600,5,1075
236,10950,44.0,60500,Petrol,110,0.0,0,1600,5,1075
237,13950,35.0,59500,Diesel,69,0.6749611197511665,0,1900,3,1110
238,13950,44.0,59000,Petrol,110,0.0,1,1600,5,1110
239,11950,40.0,58954,Petrol,110,1.0,0,1600,5,1080
240,10950,38.0,58798,Petrol,110,1.0,0,1600,5,1075
241,12450,38.0,58363,Petrol,110,1.0,0,1600,3,1055
242,11950,43.0,58277,Petrol,110,0.6749611197511665,0,1600,3,1045
243,13500,33.0,57711,Diesel,90,1.0,0,2000,3,1165
244,11690,33.0,57269,Petrol,110,1.0,0,1600,5,1075
245,13500,39.0,56001,Petrol,110,1.0,0,1600,5,1075
246,11950,42.0,55968,Petrol,110,0.6749611197511665,0,1600,3,1050
247,12900,60.0,55678,Petrol,110,1.0,0,1600,4,1030
248,13500,43.0,55539,Petrol,110,1.0,0,1600,5,1085
249,11750,42.0,55400,Petrol,110,0.0,0,1600,5,1075
250,11750,33.0,55350,Petrol,110,0.0,0,1600,5,1075
251,10850,43.0,54600,Petrol,110,0.0,0,1600,4,1030
252,11750,43.0,53773,Petrol,110,1.0,0,1600,5,1075
253,14950,42.0,53719,Petrol,110,1.0,1,1600,5,1105
254,9940,39.0,53644,Petrol,110,1.0,0,1600,5,1075
255,12900,42.0,53350,Petrol,110,0.0,0,1600,5,1075
256,13500,38.0,53000,Petrol,110,1.0,0,1600,5,1075
257,11750,44.0,52084,Petrol,97,1.0,0,1400,3,1025
258,11950,44.0,52000,Petrol,97,0.0,0,1400,3,1025
259,13450,33.0,51945,Petrol,110,1.0,0,1600,5,1075
260,11950,41.0,51732,Petrol,97,1.0,0,1400,3,1025
261,12495,39.0,50873,Petrol,110,0.6749611197511665,0,1600,5,1075
262,13500,41.0,50856,Petrol,110,0.0,0,1600,4,1030
263,12750,40.0,50640,Petrol,110,1.0,0,1600,5,1075
264,12000,39.0,50000,Petrol,97,1.0,0,1400,5,1060
265,11950,38.0,49500,Petrol,110,1.0,0,1600,5,1075
266,12495,44.0,49332,Petrol,110,1.0,0,1600,5,1080
267,12450,34.0,49291,Petrol,110,1.0,0,1600,3,1040
268,14750,40.0,48952,Diesel,90,1.0,0,2000,5,1205
269,10950,39.0,48945,Petrol,110,0.0,0,1600,3,1040
270,13500,33.0,48928,Diesel,69,0.6749611197511665,0,1900,3,1105
271,12950,38.0,48197,Petrol,110,1.0,0,1600,5,1075
272,13500,35.0,48052,Diesel,69,0.6749611197511665,0,1900,3,1105
273,13450,60.0,48011,Petrol,110,1.0,0,1600,4,1030
274,13500,43.0,48000,Petrol,110,1.0,0,1600,5,1075
275,11480,41.0,47350,Petrol,110,1.0,0,1600,5,1075
276,13450,39.0,46821,Petrol,97,1.0,0,1400,5,1060
277,11495,39.0,46694,Petrol,110,0.0,0,1600,3,1040
278,12750,43.0,46515,Petrol,97,0.0,0,1400,5,1025
279,14990,38.0,46327,Petrol,110,1.0,0,1600,3,1055
280,12950,35.0,46304,Petrol,97,1.0,0,1400,5,1060
281,12950,40.0,45886,Petrol,110,1.0,0,1600,5,1080
282,12850,39.0,45713,Petrol,97,1.0,0,1400,5,1085
283,13950,40.0,45600,Petrol,110,1.0,1,1600,5,1105
284,11950,41.0,45287,Petrol,110,1.0,0,1600,5,1075
285,12950,39.0,45081,Petrol,110,1.0,0,1600,5,1075
286,11700,40.0,44830,Petrol,110,0.6749611197511665,0,1600,5,1075
287,9950,37.0,44757,Petrol,97,0.6749611197511665,0,1400,3,1025
288,11895,44.0,44218,Petrol,97,1.0,0,1400,5,1060
289,12950,43.0,43632,Petrol,110,1.0,0,1600,5,1075
290,12500,36.0,43427,Petrol,110,1.0,0,1600,3,1040
291,13875,39.0,43254,Petrol,110,1.0,0,1600,5,1075
292,10500,35.0,43000,Petrol,110,0.0,0,1600,3,1050
293,12295,33.0,42823,Petrol,110,1.0,0,1600,5,1075
294,13950,42.0,42560,Petrol,110,1.0,0,1600,5,1080
295,10950,38.0,41754,Petrol,110,0.0,0,1600,3,1040
296,12950,44.0,41499,CNG,110,1.0,0,1600,5,1103
297,12850,40.0,41339,Petrol,110,1.0,0,1600,5,1080
298,13995,35.0,41000,Petrol,110,1.0,0,1600,5,1075
299,13750,39.0,40000,Petrol,110,1.0,0,1600,3,1055
300,12750,37.0,39757,Petrol,110,1.0,0,1600,5,1075
301,12500,41.0,39659,Petrol,110,0.6749611197511665,0,1600,3,1045
302,13950,43.0,39650,Petrol,110,0.0,0,1600,3,1055
303,11500,39.0,39524,Petrol,97,0.6749611197511665,0,1398,3,1025
304,13950,44.0,39516,Petrol,97,1.0,0,1400,5,1060
305,11895,41.0,39439,Petrol,97,0.0,0,1400,5,1060
306,9950,44.0,39000,Petrol,97,1.0,0,1400,3,1025
307,13500,42.0,38932,Petrol,110,1.0,0,1600,3,1040
308,11450,37.0,38812,Petrol,97,0.6749611197511665,0,1400,3,1025
309,12450,42.0,38665,Petrol,110,1.0,0,1600,5,1075
310,12950,40.0,38653,Petrol,110,1.0,0,1600,5,1080
311,13995,44.0,38461,Petrol,110,0.6749611197511665,0,1600,5,1080
312,11750,42.0,38078,Petrol,97,0.0,0,1400,3,1025
313,11650,39.0,37782,Petrol,97,1.0,0,1400,5,1060
314,9950,43.0,37576,Petrol,97,0.0,0,1400,3,1030
315,13950,41.0,37533,Petrol,110,1.0,0,1600,5,1075
316,12950,44.0,37389,Petrol,110,1.0,0,1600,5,1080
317,10950,38.0,37320,Petrol,97,1.0,0,1400,3,1025
318,9900,42.0,37000,Petrol,97,1.0,0,1400,3,1025
319,11950,44.0,37000,Petrol,110,0.0,0,1600,4,1075
320,11990,40.0,36566,Petrol,110,0.0,0,1600,5,1090
321,10750,36.0,36269,Petrol,110,1.0,0,1600,5,1075
322,13950,37.0,36074,Petrol,110,1.0,1,1600,5,1075
323,11250,44.0,36066,Petrol,110,1.0,0,1600,3,1040
324,12950,39.0,34599,Petrol,110,1.0,0,1600,five,1075
325,11950,41.0,34000,Petrol,110,1.0,0,1600,5,1075
326,10950,42.0,33623,Petrol,97,1.0,0,1400,3,1025
327,12950,33.0,33591,Petrol,110,1.0,0,1600,5,1075
328,12950,35.0,33258,Petrol,110,0.6749611197511665,0,1600,5,1075
329,11695,43.0,33113,Petrol,110,1.0,0,1600,5,1075
330,11000,41.0,33000,Petrol,110,1.0,1,1600,5,1075
331,13950,60.0,32941,Petrol,110,1.0,0,1600,5,1080
332,11950,38.0,32781,Petrol,110,0.0,0,1600,5,1075
333,11750,40.0,32532,Petrol,110,1.0,0,1600,3,1040
334,12400,34.0,32431,Petrol,97,1.0,0,1400,5,1060
335,12500,35.0,32000,Petrol,110,0.0,0,1600,3,1040
336,12900,33.0,31000,Petrol,110,1.0,0,1600,5,1075
337,12200,41.0,30989,Petrol,110,0.0,0,1600,3,1045
338,12750,43.0,30742,Petrol,110,1.0,0,1600,3,1040
339,11950,42.0,30190,Petrol,110,1.0,0,1600,5,1075
340,11900,41.0,29716,Petrol,116,1.0,0,1600,5,1075
341,11950,44.0,29716,Petrol,110,1.0,1,1600,3,1070
342,14950,42.0,29640,Petrol,110,0.6749611197511665,0,1600,3,1055
343,11950,41.0,29056,Petrol,97,1.0,0,1400,5,1060
344,12950,33.0,28715,Petrol,110,1.0,0,1600,5,1075
345,14950,41.0,28571,Petrol,110,0.0,0,1600,5,1090
346,13450,40.0,28362,Petrol,110,1.0,0,1600,3,1040
347,13750,38.0,28150,Petrol,110,0.6749611197511665,0,1600,5,1075
348,12950,43.0,27301,Petrol,110,1.0,0,1600,3,1040
349,12750,33.0,27240,Petrol,110,1.0,0,1600,5,1075
350,11895,39.0,27170,Petrol,97,1.0,0,1400,5,1060
351,9950,42.0,27141,Petrol,97,1.0,0,1400,5,1060
352,12450,38.0,26262,Petrol,110,1.0,0,1600,5,1075
353,12500,38.0,26000,Petrol,97,1.0,0,1400,5,1060
354,14950,43.0,25228,Petrol,110,1.0,0,1600,3,1045
355,13750,39.0,25062,Petrol,110,0.6749611197511665,0,1600,5,1080
356,12695,39.0,24723,Petrol,110,1.0,1,1600,4,1060
357,14990,60.0,24650,Petrol,110,1.0,0,1600,3,1055
358,12750,43.0,24553,Petrol,110,1.0,0,1600,5,1080
359,14350,41.0,24475,Petrol,110,0.6749611197511665,0,1600,5,1030
360,12950,39.0,24444,Petrol,110,0.6749611197511665,0,1600,3,1040
361,11500,35.0,24011,Petrol,97,0.0,0,1400,3,1025
362,11950,41.0,24000,Petrol,97,1.0,0,1400,3,1025
363,13450,40.0,23616,Petrol,110,1.0,0,1600,5,1075
364,12900,38.0,22865,Petrol,110,1.0,0,1600,5,1075
365,10500,41.0,22780,Petrol,86,0.6749611197511665,0,1300,5,1035
366,10950,35.0,21904,Petrol,97,0.0,0,1400,3,1025
367,11950,41.0,21651,Petrol,97,0.0,0,1400,3,1025
368,11450,37.0,21500,Petrol,110,1.0,0,1600,5,1030
369,13250,44.0,21027,Petrol,110,1.0,0,1600,5,1080
370,10250,39.0,18500,Petrol,110,0.0,0,1600,4,1030
371,13995,35.0,18000,Petrol,110,1.0,0,1600,5,1075
372,11950,40.0,17051,Petrol,97,0.0,0,1400,5,1060
373,13250,33.0,16512,Petrol,97,1.0,0,1400,5,1085
374,12950,40.0,16325,Petrol,110,1.0,0,1600,5,1080
375,11750,38.0,16000,Petrol,97,1.0,0,1400,5,1060
376,11500,39.0,12000,Petrol,110,1.0,0,1600,5,1075
377,13500,43.0,10000,Petrol,97,1.0,0,1400,5,1060
378,6500,53.0,216000,Diesel,69,0.0,0,1900,3,1110
379,6400,51.0,198167,Diesel,69,0.0,0,1900,4,1095
380,7000,53.0,176000,Diesel,69,0.0,0,1900,3,1105
381,7750,54.0,174139,Diesel,72,1.0,0,2000,4,1100
382,8900,45.0,174000,Diesel,69,0.6749611197511665,0,1900,5,1095
383,8500,55.0,150000,CNG,110,1.0,0,1600,3,1075
384,8950,54.0,149329,Diesel,72,1.0,0,2000,5,1135
385,9900,51.0,146736,Petrol,110,1.0,0,1600,5,1080
386,10250,53.0,143513,Diesel,69,0.0,0,1900,5,1140
387,9250,48.0,142130,CNG,110,0.0,0,1600,5,1119
388,7750,48.0,140700,Diesel,69,1.0,0,1900,5,1110
389,9450,60.0,138394,Diesel,69,1.0,0,1900,4,1095
390,7750,55.0,137000,Diesel,72,0.6749611197511665,0,2000,5,1135
391,8250,52.0,135258,Diesel,69,1.0,0,1900,5,1140
392,9950,49.0,131364,Petrol,110,1.0,0,1600,5,1075
393,4450,56.0,129155,Diesel,69,0.0,0,1800,5,1110
394,9950,50.0,126110,Petrol,110,0.0,0,1600,3,1055
395,9000,48.0,119742,Petrol,110,1.0,0,1600,5,1080
396,9950,53.0,117913,Diesel,69,1.0,0,1900,5,1110
397,12450,47.0,117430,Diesel,90,0.6749611197511665,0,2000,3,1165
398,10500,55.0,??,Petrol,110,1.0,0,1600,4,1035
399,10750,54.0,115558,Petrol,110,1.0,0,1600,4,1035
400,8950,53.0,115113,Petrol,97,1.0,0,1400,3,1025
401,10500,54.0,115046,Diesel,69,1.0,0,1900,5,1140
402,5150,56.0,113997,Diesel,72,1.0,0,2000,5,1135
403,10950,49.0,107859,Petrol,97,0.0,0,1400,5,1060
404,9450,60.0,104805,Petrol,97,1.0,0,1400,3,1025
405,9950,54.0,103454,Petrol,110,1.0,0,1600,5,1075
406,10950,51.0,103018,Petrol,69,0.0,0,1900,5,1140
407,11900,47.0,102352,Petrol,110,1.0,0,1600,5,1080
408,9950,50.0,102030,Petrol,97,1.0,0,1400,5,1060
409,11950,54.0,101352,Petrol,110,0.0,0,1600,5,1080
410,7900,50.0,99865,Petrol,110,1.0,0,1600,4,1035
411,10950,52.0,99323,Petrol,110,0.6749611197511665,0,1600,3,1055
412,8950,48.0,98100,Petrol,69,1.0,0,1900,5,1140
413,11950,51.0,98040,Petrol,110,0.0,0,1600,5,1080
414,10900,49.0,97600,Petrol,110,1.0,0,1600,3,1045
415,9950,55.0,97234,Petrol,110,0.0,0,1600,5,1080
416,9950,51.0,96135,Diesel,72,0.0,0,2000,3,1115
417,10950,54.0,96100,Petrol,110,1.0,0,1600,5,1080
418,8950,55.0,94401,Diesel,72,0.0,0,2000,3,1115
419,8950,55.0,94122,Petrol,86,1.0,0,1300,3,1015
420,10500,49.0,91340,Petrol,110,1.0,0,1600,3,1055
421,8950,53.0,90200,Petrol,97,0.0,0,1400,3,1025
422,9250,53.0,90097,Diesel,69,1.0,0,1900,5,1140
423,11500,48.0,89049,Petrol,97,1.0,0,1400,5,1060
424,9750,52.0,89000,Petrol,110,0.0,0,1600,5,1075
425,9950,45.0,87274,Petrol,110,1.0,0,1600,3,1040
426,11450,49.0,86221,Petrol,110,0.0,0,1600,3,1045
427,12500,54.0,84598,Petrol,110,0.0,0,1600,5,1075
428,10500,50.0,83567,Petrol,110,0.0,0,1600,5,1075
429,12950,50.0,83106,Petrol,110,1.0,0,1600,5,1075
430,12200,50.0,82805,Petrol,110,1.0,0,1600,3,1040
431,10950,50.0,82735,Petrol,97,1.0,0,1400,3,1030
432,10950,54.0,81905,Petrol,110,1.0,0,1600,5,1105
433,11290,49.0,80320,Petrol,110,1.0,1,1600,3,1070
434,10750,49.0,80090,Petrol,97,1.0,0,1400,3,1030
435,10895,53.0,79800,Petrol,110,0.0,0,1600,5,1075
436,11500,47.0,78785,CNG,110,1.0,0,1600,5,1119
437,9750,48.0,78600,Petrol,110,1.0,0,1600,5,1075
438,10250,55.0,77780,Petrol,110,0.6749611197511665,0,1600,3,1040
439,12500,49.0,77648,Petrol,110,0.0,0,1600,4,1030
440,11950,54.0,77270,Petrol,110,1.0,0,1600,4,1035
441,10750,50.0,76167,Petrol,97,1.0,0,1400,5,1060
442,11450,46.0,75249,Petrol,110,1.0,0,1600,4,1035
443,11950,54.0,75231,Petrol,110,1.0,0,1600,5,1080
444,11750,48.0,75045,Petrol,110,1.0,0,1600,3,1055
445,10950,50.0,74849,Petrol,110,1.0,1,1600,4,1060
446,11950,55.0,74715,Petrol,110,1.0,0,1600,5,1080
447,10995,49.0,74656,Diesel,69,0.0,0,1900,3,1105
448,11450,56.0,74500,Petrol,97,0.0,0,1400,3,1025
449,8900,49.0,74494,Petrol,110,1.0,0,1600,5,1075
450,10500,50.0,73634,Petrol,110,0.0,0,1587,5,1075
451,11750,47.0,73403,Petrol,110,1.0,0,1600,5,1075
452,11450,49.0,73175,Petrol,97,1.0,0,1400,3,1030
453,12000,60.0,73000,Petrol,110,0.0,0,1600,3,1055
454,11950,50.0,72242,Petrol,110,0.6749611197511665,1,1600,3,1070
455,9850,53.0,72000,Petrol,97,1.0,0,1400,3,1025
456,10950,60.0,71725,Petrol,110,1.0,0,1600,4,1035
457,10950,60.0,71276,Petrol,110,0.0,0,1600,5,1080
458,8695,60.0,70440,Diesel,69,1.0,0,1900,3,1105
459,10990,53.0,70239,Petrol,110,0.0,0,1600,3,1040
460,9500,55.0,69813,Petrol,97,1.0,0,1400,3,1025
461,11950,49.0,69659,Petrol,86,0.0,0,1300,3,1025
462,10750,46.0,69574,Petrol,97,0.0,0,1400,5,1065
463,8750,47.0,69000,Diesel,69,1.0,0,1900,5,1140
464,8750,49.0,68565,Petrol,110,0.6749611197511665,0,1600,4,1030
465,11450,60.0,68520,Diesel,72,1.0,0,2000,3,1115
466,9950,46.0,68414,Petrol,97,0.0,0,1400,3,1025
467,11950,56.0,66777,Petrol,110,0.0,0,1600,5,1090
468,13950,52.0,66527,Petrol,110,1.0,0,1600,5,1080
469,11250,54.0,66063,Petrol,110,1.0,0,1600,5,1090
470,10900,50.0,65471,Petrol,97,1.0,0,1400,5,1060
471,9750,56.0,65400,Petrol,97,1.0,0,1400,3,1025
472,9950,52.0,65170,Petrol,97,1.0,0,1400,3,1025
473,11950,56.0,65000,Petrol,110,1.0,0,1600,5,1075
474,10450,48.0,64193,Petrol,110,0.6749611197511665,0,1600,3,1040
475,8950,54.0,64000,Petrol,97,1.0,0,1400,3,1025
476,10250,54.0,63792,Petrol,110,1.0,0,1600,5,1075
477,9930,53.0,63635,Petrol,110,1.0,0,1600,4,1035
478,10500,54.0,63135,Petrol,110,1.0,0,1600,3,1050
479,11950,54.0,63123,Petrol,110,1.0,0,1600,4,1035
480,11500,60.0,63000,Diesel,69,1.0,0,1900,5,1140
481,11500,60.0,63000,Petrol,110,0.0,0,1600,4,1035
482,11450,54.0,62987,Petrol,110,0.0,0,1600,5,1080
483,9900,56.0,62751,Petrol,110,0.0,0,1600,3,1050
484,9500,54.0,62519,Petrol,97,0.0,0,1400,3,1025
485,10500,50.0,62280,Petrol,97,0.6749611197511665,0,1400,5,1060
486,10750,50.0,61672,Petrol,110,0.6749611197511665,0,1600,5,1075
487,8950,54.0,61000,Diesel,69,0.0,0,2000,5,1140
488,12000,56.0,61000,Petrol,110,1.0,0,1600,3,1050
489,9940,53.0,60558,Petrol,110,1.0,0,1600,4,1105
490,10950,47.0,60348,Petrol,110,0.0,0,1600,4,1030
491,10750,54.0,??,Petrol,110,1.0,0,1600,5,1075
492,9799,51.0,59000,Petrol,97,1.0,0,1400,3,1025
493,11750,51.0,58761,Petrol,97,0.0,0,1300,5,1060
494,11950,54.0,58745,Petrol,110,1.0,0,1600,4,1035
495,11250,52.0,58596,Petrol,110,1.0,0,1600,3,1045
496,11750,54.0,58530,Petrol,110,0.0,0,1600,5,1075
497,10950,55.0,58377,Petrol,110,1.0,0,1600,3,1050
498,11250,56.0,58142,Petrol,110,1.0,0,1600,5,1080
499,9950,53.0,57948,Petrol,97,1.0,0,1400,3,1025
500,9700,51.0,57645,Petrol,110,0.0,0,1600,5,1080
501,11950,47.0,57500,Petrol,110,1.0,0,1600,4,1105
502,9900,53.0,57475,Petrol,110,0.0,0,1600,3,1040
503,9990,60.0,56743,Petrol,110,0.0,0,1600,3,1045
504,9475,48.0,56675,Petrol,97,1.0,0,1400,3,1025
505,11500,54.0,55877,Petrol,110,1.0,0,1600,5,1075
506,11950,53.0,55500,Petrol,110,1.0,0,1600,4,1035
507,11500,55.0,54900,Petrol,97,1.0,0,1400,5,1060
508,10500,50.0,54465,Petrol,110,0.0,0,1600,5,1075
509,10900,46.0,53700,Petrol,97,1.0,0,1400,5,1060
510,11700,52.0,53561,Petrol,97,1.0,0,1400,5,1060
511,11900,51.0,53408,Petrol,110,1.0,0,1600,5,1080
512,13950,51.0,53268,Petrol,110,0.6749611197511665,0,1600,5,1080
513,10950,49.0,53116,Petrol,97,1.0,0,1400,3,1025
514,10500,56.0,52448,Petrol,97,0.0,0,1400,3,1025
515,10750,55.0,52149,Petrol,97,1.0,0,1400,3,1085
516,11950,55.0,52141,Petrol,110,1.0,0,1600,5,1070
517,10000,56.0,52000,Petrol,97,0.0,0,1400,3,1025
518,10495,48.0,50967,Petrol,97,1.0,0,1400,5,1060
519,11450,50.0,50400,Petrol,110,0.0,0,1600,5,1080
520,9400,54.0,50000,Petrol,97,1.0,0,1400,3,1025
521,11950,51.0,50000,Petrol,86,1.0,0,1300,5,1045
522,9650,53.0,49969,Petrol,110,0.0,0,1600,5,1075
523,18950,49.0,49568,Petrol,110,1.0,0,1600,3,1105
524,11450,51.0,49473,Petrol,110,0.0,0,1600,3,1055
525,10250,52.0,49432,Petrol,110,1.0,0,1600,3,1050
526,11450,60.0,49417,Petrol,110,1.0,0,1600,3,1045
527,9950,54.0,49366,Petrol,97,1.0,0,1400,3,1025
528,10500,56.0,48731,Petrol,110,1.0,0,1600,3,1055
529,13750,60.0,48370,Petrol,110,1.0,0,1600,5,1080
530,9950,48.0,48071,Petrol,97,0.0,0,1400,3,1025
531,10250,54.0,47852,Petrol,110,1.0,0,1600,4,1030
532,10850,54.0,47768,Petrol,110,0.6749611197511665,0,1600,3,1055
533,11895,52.0,47689,Petrol,110,0.0,0,1600,5,1075
534,12950,53.0,47451,Petrol,110,1.0,0,1600,3,1055
535,11950,50.0,47219,Petrol,110,1.0,0,1600,5,1080
536,10750,56.0,47211,Petrol,110,1.0,0,1600,5,1070
537,9550,54.0,46856,Petrol,97,0.0,0,1400,5,1060
538,10950,56.0,46500,Petrol,86,0.0,0,1300,5,1035
539,11750,60.0,46449,Petrol,110,1.0,0,1600,4,1035
540,10950,47.0,46391,Petrol,110,0.0,0,1600,5,1075
541,12450,54.0,46230,Petrol,110,1.0,0,1600,3,1055
542,10500,52.0,46029,Petrol,110,1.0,0,1600,4,1030
543,10900,50.0,46000,Petrol,97,0.0,0,1400,3,1025
544,12950,50.0,45900,Petrol,110,1.0,0,1600,5,1075
545,10950,47.0,45850,Petrol,97,0.0,0,1400,5,1060
546,12500,56.0,45336,Petrol,110,1.0,0,1600,5,1080
547,9950,55.0,44537,Petrol,97,0.0,0,1400,3,1025
548,10750,56.0,43700,Petrol,86,0.6749611197511665,0,1300,3,1025
549,12500,48.0,43120,Petrol,97,1.0,0,1400,3,1030
550,10450,49.0,41710,Petrol,110,0.0,0,1600,3,1040
551,10750,52.0,41700,Petrol,97,1.0,0,1400,3,1025
552,12950,49.0,41636,Petrol,110,1.0,0,1600,5,1105
553,10995,60.0,41273,Petrol,97,0.0,0,1400,5,1060
554,11950,49.0,40836,Petrol,110,0.6749611197511665,1,1600,3,1075
555,11250,50.0,40400,Petrol,97,1.0,0,1400,5,1060
556,11950,47.0,40361,Petrol,110,1.0,0,1600,5,1090
557,13750,54.0,40325,Petrol,86,0.0,0,1300,5,1045
558,11000,47.0,40000,Petrol,110,0.0,0,1600,5,1080
559,13500,50.0,39706,Petrol,110,1.0,0,1600,5,1080
560,10950,54.0,39291,Petrol,110,1.0,0,1600,3,1040
561,10750,54.0,39000,Petrol,97,0.0,0,1400,3,1025
562,8950,47.0,38900,Petrol,97,1.0,0,1400,3,1025
563,12950,51.0,38403,Petrol,110,0.0,0,1600,3,1055
564,9750,56.0,37461,Petrol,97,0.0,0,1400,3,1025
565,10900,54.0,37000,Petrol,97,1.0,0,1400,3,1025
566,10995,55.0,36406,Petrol,110,1.0,0,1600,4,1035
567,10750,48.0,36005,Petrol,97,1.0,0,1400,5,1065
568,10950,52.0,36000,Petrol,110,1.0,0,1600,5,1075
569,13000,60.0,36000,Petrol,110,0.0,0,1600,5,1080
570,12950,45.0,36000,Petrol,110,1.0,1,1600,3,1070
571,11500,52.0,35823,Petrol,110,0.0,0,1600,5,1075
572,10950,60.0,35230,Petrol,97,0.0,0,1400,3,1025
573,11710,48.0,35142,Petrol,110,0.0,0,1600,3,1055
574,9980,49.0,34890,Petrol,97,0.6749611197511665,0,1400,3,1025
575,12250,51.0,34882,Petrol,110,1.0,0,1600,5,1075
576,11500,46.0,34000,Petrol,110,1.0,0,1600,5,1075
577,11950,56.0,33998,Petrol,110,0.0,0,1600,5,1080
578,11500,55.0,33230,Petrol,110,0.0,0,1600,3,1050
579,11900,46.0,33021,Petrol,110,1.0,0,1600,5,1080
580,11930,49.0,31999,Petrol,97,0.0,0,1400,3,1030
581,10500,60.0,31579,Petrol,97,0.0,0,1400,3,1025
582,8950,56.0,31000,Petrol,97,0.0,0,1400,3,1025
583,10450,46.0,30806,Petrol,97,1.0,0,1400,5,1060
584,10500,55.0,30461,Petrol,86,1.0,0,1300,5,1050
585,12950,50.0,29686,Petrol,110,1.0,1,1600,3,1075
586,9950,60.0,29650,Petrol,86,0.6749611197511665,0,1300,3,1025
587,12900,52.0,29500,Petrol,110,1.0,0,1600,3,1055
588,9950,48.0,28656,Petrol,97,0.0,0,1400,3,1085
589,9950,55.0,27500,Petrol,97,1.0,0,1400,3,1025
590,10950,48.0,26938,Petrol,110,1.0,0,1600,3,1040
591,10950,53.0,26624,Petrol,97,0.0,0,1400,5,1060
592,9950,47.0,26221,Petrol,97,1.0,0,1400,3,1025
593,10950,50.0,22648,Petrol,97,1.0,0,1400,5,1060
594,10800,50.0,22500,Petrol,97,0.6749611197511665,0,1400,3,1025
595,10500,56.0,19313,Petrol,97,0.0,0,1400,3,1025
596,10450,50.0,17619,Petrol,110,0.6749611197511665,0,1600,4,1030
597,10600,51.0,17069,Petrol,97,0.6749611197511665,0,1400,3,1025
598,10450,48.0,15000,Petrol,97,1.0,0,1400,3,1025
599,12950,50.0,10210,Petrol,97,0.0,0,1400,5,1065
600,11250,47.0,5309,Petrol,110,0.6749611197511665,1,1600,3,1070
601,7500,50.0,1,Diesel,90,1.0,0,2000,3,1260
602,8950,52.0,31000,Petrol,97,0.6749611197511665,0,1398,3,1025
603,6950,58.0,205000,Diesel,72,1.0,0,2000,4,1100
604,7900,68.0,204250,Diesel,72,0.6749611197511665,0,2000,3,1115
605,5950,68.0,194545,Petrol,86,0.0,0,1300,4,1000
606,7500,59.0,190900,Diesel,72,1.0,0,2000,3,1115
607,7500,62.0,183500,Diesel,72,1.0,0,2000,5,1140
608,6900,65.0,176184,Diesel,72,1.0,0,2000,3,1115
609,5751,67.0,174833,Diesel,72,0.0,0,2000,4,1100
610,6950,68.0,155720,Petrol,86,0.6749611197511665,0,1300,3,1015
611,7950,67.0,155500,Petrol,110,1.0,0,1600,5,1050
612,7750,59.0,154783,Diesel,72,1.0,0,2000,3,1120
613,7950,64.0,154462,Diesel,72,1.0,0,2000,5,1135
614,8250,64.0,150585,Petrol,110,1.0,0,1600,3,1065
615,6250,67.0,149000,Diesel,90,1.0,0,2000,5,1135
616,9500,62.0,147636,Petrol,72,0.6749611197511665,0,2000,5,1135
617,6900,59.0,144521,Diesel,72,1.0,0,2000,5,1135
618,8450,64.0,144000,Petrol,110,1.0,0,1600,3,1065
619,7350,65.0,140168,Diesel,72,1.0,0,2000,3,1115
620,8950,68.0,140000,Petrol,110,1.0,0,1600,5,1085
621,6900,60.0,139800,Diesel,72,0.0,0,2000,3,1115
622,8950,59.0,137050,CNG,110,1.0,0,1600,3,1078
623,8750,61.0,136956,Petrol,110,0.0,0,1600,3,1065
624,7950,67.0,135337,CNG,110,1.0,0,1600,5,1120
625,8950,64.0,133769,Diesel,72,1.0,0,2000,3,1120
626,8950,58.0,133405,Diesel,72,1.0,0,2000,5,1135
627,8950,65.0,132807,Diesel,72,1.0,0,2000,5,1135
628,7950,64.0,132393,Diesel,72,0.0,0,2000,5,1135
629,7750,60.0,130270,Petrol,110,0.0,0,1600,3,1050
630,7500,59.0,130000,Diesel,72,1.0,0,2000,4,1135
631,8950,67.0,127000,Diesel,????,1.0,0,2000,5,1135
632,9800,67.0,126800,Diesel,72,0.0,0,2000,5,1135
633,9450,66.0,126452,Petrol,110,1.0,0,1600,5,1085
634,8950,62.0,125175,Diesel,116,0.0,0,2000,5,1150
635,8750,68.0,125000,Diesel,72,1.0,0,2000,3,1115
636,10500,61.0,123000,Diesel,72,0.0,0,2000,5,1135
637,7995,59.0,121626,Petrol,86,0.0,0,1300,5,1050
638,10450,64.0,120400,Petrol,????,0.0,0,1600,5,1090
639,9950,66.0,120000,Diesel,72,0.0,0,2000,4,1100
640,9950,68.0,119541,Petrol,110,0.0,0,1600,3,1055
641,8950,68.0,119500,Petrol,110,0.6749611197511665,0,1600,5,1070
642,7950,68.0,119289,Petrol,110,1.0,0,1600,4,1035
643,10950,57.0,118833,Petrol,110,0.0,0,1600,3,1065
644,9950,64.0,118000,Diesel,72,1.0,0,2000,5,1150
645,8600,68.0,117955,Petrol,110,1.0,1,1600,4,1065
646,7250,65.0,117609,Petrol,86,0.0,0,1300,3,1015
647,6950,68.0,117000,Diesel,72,0.0,0,2000,3,1115
648,8000,64.0,116000,Petrol,86,0.0,0,1300,5,1045
649,9950,58.0,115715,Petrol,110,0.0,0,1600,5,1070
650,9450,60.0,115191,CNG,110,0.6749611197511665,0,1600,4,1079
651,7950,68.0,115071,Petrol,110,1.0,0,1600,3,1055
652,9450,63.0,115000,CNG,110,0.0,0,1600,3,1109
653,9950,64.0,114846,Petrol,110,1.0,0,1600,5,1075
654,6950,65.0,114383,Diesel,90,0.0,0,2000,3,1260
655,8250,59.0,113700,Petrol,110,1.0,0,1600,5,1065
656,9950,67.0,113118,Petrol,86,1.0,0,1300,3,1020
657,8250,59.0,112827,Petrol,86,1.0,0,1300,5,1040
658,9950,68.0,112116,Petrol,110,1.0,0,1600,5,1070
659,10500,66.0,112000,Petrol,110,1.0,0,1600,3,1065
660,7950,62.0,112000,Diesel,72,0.0,0,2000,4,1135
661,9750,65.0,111769,Petrol,110,0.0,0,1600,3,1065
662,9250,61.0,110853,Petrol,110,1.0,0,1600,5,1070
663,9500,68.0,110287,Petrol,110,1.0,0,1600,3,1050
664,9950,62.0,109547,Petrol,110,0.6749611197511665,0,1600,5,1075
665,7750,63.0,109230,Petrol,110,0.0,0,1600,3,1050
666,9500,68.0,109150,Petrol,110,0.0,0,1600,5,1075
667,9950,67.0,108793,Petrol,110,1.0,0,1600,4,1035
668,9750,64.0,106784,Petrol,110,0.0,1,1600,3,1050
669,9750,58.0,105942,Petrol,86,0.0,0,1300,5,1040
670,5950,59.0,105000,Petrol,86,1.0,0,1300,3,1015
671,8500,60.0,105000,Petrol,86,0.0,0,1300,5,1040
672,8495,68.0,104299,Petrol,110,1.0,0,1600,5,1085
673,9250,67.0,104000,Petrol,86,0.0,0,1300,3,1020
674,6900,60.0,104000,Petrol,86,1.0,0,1300,3,1015
675,8950,58.0,103458,Petrol,86,1.0,0,1300,3,1025
676,9500,60.0,103400,Petrol,110,1.0,0,1600,5,1075
677,9250,63.0,102807,Petrol,86,0.0,0,1300,5,1055
678,9895,68.0,102494,Petrol,110,0.0,0,1600,5,1090
679,9950,57.0,102300,Diesel,72,1.0,0,2000,5,1135
680,7950,61.0,102106,Petrol,110,0.0,0,1600,3,1050
681,8750,68.0,101889,Petrol,110,1.0,0,1600,5,1075
682,8250,57.0,101791,Diesel,72,0.0,0,2000,3,1115
683,8950,63.0,101469,Petrol,110,1.0,0,1600,3,1065
684,8950,68.0,101001,Petrol,110,0.0,0,1600,5,1075
685,8950,61.0,100748,Petrol,110,0.6749611197511665,0,1600,5,1070
686,8950,65.0,100550,Petrol,110,1.0,0,1600,5,1075
687,9450,67.0,99781,Petrol,110,1.0,0,1600,5,1085
688,8950,59.0,98658,Petrol,86,1.0,0,1300,3,1020
689,9250,65.0,98500,Petrol,110,0.6749611197511665,0,1600,5,1075
690,8750,64.0,98291,Petrol,86,0.0,0,1300,4,1000
691,9950,61.0,97648,Petrol,110,1.0,0,1600,3,1065
692,9950,60.0,97425,Petrol,110,1.0,0,1600,5,1075
693,9900,65.0,97173,Petrol,86,0.0,0,1300,3,1015
694,8950,66.0,97046,Petrol,86,1.0,0,1300,4,1000
695,8950,67.0,96000,Petrol,110,1.0,0,1600,3,1050
696,12250,60.0,96000,Petrol,72,0.6749611197511665,0,2000,4,1100
697,9250,67.0,95750,Petrol,110,1.0,0,1600,5,1070
698,10250,61.0,95147,Petrol,110,1.0,0,1600,3,1050
699,8950,60.0,95000,Petrol,110,0.0,0,1600,3,1050
700,7999,65.0,95000,Petrol,110,1.0,0,1600,3,1050
701,9900,66.0,94606,Petrol,110,0.0,0,1600,3,1065
702,8250,63.0,94504,Petrol,86,1.0,0,1300,4,1000
703,10500,65.0,93428,Petrol,110,1.0,0,1600,5,1075
704,8450,65.0,93408,Petrol,86,0.0,0,1300,3,1015
705,9900,68.0,93296,Petrol,110,1.0,0,1600,5,1090
706,10500,62.0,93098,Petrol,110,1.0,0,1600,5,1075
707,8500,67.0,92922,Diesel,72,1.0,0,2000,4,1100
708,9500,61.0,92498,Petrol,110,0.6749611197511665,0,1600,3,1050
709,9450,65.0,92226,Petrol,110,0.0,0,1600,3,1065
710,9900,60.0,91505,Diesel,72,0.0,0,2000,3,1115
711,8250,60.0,91333,Petrol,110,1.0,0,1600,3,1050
712,8750,60.0,91246,Petrol,86,1.0,0,1300,3,1015
713,9500,58.0,91000,Petrol,110,0.6749611197511665,0,1600,5,1075
714,8450,68.0,90727,Petrol,110,0.0,0,1600,3,1050
715,8490,62.0,90000,Petrol,110,0.0,0,1600,3,1050
716,8750,60.0,89576,Petrol,110,0.0,0,1600,4,1035
717,9750,64.0,89145,Petrol,86,1.0,0,1300,3,1025
718,9950,63.0,89000,Petrol,110,1.0,0,1600,5,1085
719,8500,68.0,88807,Petrol,110,0.0,0,1600,3,1050
720,8450,63.0,88685,Petrol,110,0.0,0,1600,5,1070
721,7900,62.0,88667,Petrol,110,1.0,0,1600,4,1040
722,8750,57.0,88480,Petrol,110,1.0,0,1600,3,1050
723,7950,61.0,88127,Petrol,86,0.0,0,1300,3,1015
724,6900,62.0,88000,Petrol,86,0.0,0,1300,3,1020
725,8150,65.0,87821,Petrol,86,1.0,0,1300,3,1015
726,10995,59.0,87654,Petrol,86,1.0,1,1300,5,1065
727,8900,59.0,86888,Petrol,110,0.6749611197511665,0,1600,3,1050
728,9500,59.0,86871,Petrol,86,1.0,0,1300,5,1040
729,8950,68.0,86714,Petrol,110,1.0,0,1600,4,1035
730,11500,65.0,85889,Petrol,110,0.6749611197511665,0,1600,3,1065
731,10450,62.0,85000,Petrol,110,1.0,0,1600,3,1050
732,10500,60.0,85000,Petrol,86,1.0,0,1300,3,1025
733,9250,68.0,84976,Petrol,110,1.0,0,1600,4,1035
734,10950,65.0,84558,Petrol,110,1.0,0,1600,5,1120
735,10450,62.0,84549,Petrol,110,0.6749611197511665,0,1600,5,1075
736,9250,68.0,84482,Petrol,110,1.0,0,1600,5,1075
737,8750,62.0,83908,Petrol,110,1.0,0,1600,5,1070
738,8750,67.0,83560,Petrol,86,0.0,0,1300,3,1015
739,9800,68.0,83000,Petrol,107,1.0,1,1600,5,1100
740,8250,64.0,82723,Petrol,86,0.0,0,1300,3,1015
741,10450,62.0,82421,Petrol,110,1.0,0,1600,3,1065
742,9750,58.0,82254,Petrol,110,0.0,0,1600,5,1050
743,8950,61.0,82115,Petrol,110,1.0,0,1600,3,1055
744,7450,65.0,82000,Petrol,86,0.6749611197511665,0,1300,3,1015
745,8450,68.0,81965,Petrol,86,0.6749611197511665,0,1300,5,1035
746,8250,60.0,81250,Petrol,110,0.0,0,1600,3,1050
747,10950,65.0,81192,Petrol,110,1.0,0,1600,3,1065
748,8950,61.0,81170,Petrol,110,1.0,0,1600,4,1040
749,8750,66.0,81083,Petrol,86,0.0,0,1300,3,1015
750,10450,61.0,80714,Petrol,110,1.0,0,1600,5,1075
751,10950,57.0,80470,Petrol,110,0.0,0,1600,5,1085
752,8450,65.0,80439,Petrol,110,1.0,0,1600,4,1035
753,9950,59.0,80430,Petrol,110,1.0,0,1600,3,1065
754,9950,60.0,80426,Petrol,110,1.0,0,1600,3,1055
755,8750,62.0,80265,Petrol,86,0.0,0,1300,3,1015
756,9950,65.0,80153,Petrol,110,0.0,0,1600,5,1070
757,9500,68.0,80121,Petrol,110,0.0,0,1600,5,1070
758,8250,65.0,80086,Petrol,110,1.0,0,1600,4,1035
759,10950,62.0,80000,Petrol,110,0.6749611197511665,0,1600,5,1075
760,7950,60.0,80000,Petrol,86,0.0,0,1300,5,1015
761,8250,65.0,80000,Petrol,86,1.0,0,1300,2,1015
762,9895,67.0,79858,Petrol,110,1.0,0,1600,4,1040
763,9130,67.0,79762,Petrol,86,1.0,0,1300,3,1015
764,10950,59.0,79660,Petrol,86,0.0,1,1300,5,1065
765,10500,60.0,79150,Petrol,110,1.0,0,1600,5,1075
766,8900,61.0,79000,Petrol,110,1.0,0,1600,3,1050
767,9500,57.0,78955,Petrol,86,1.0,0,1300,5,1045
768,10950,59.0,78750,Diesel,90,1.0,0,1975,5,1155
769,7950,68.0,78521,Petrol,86,0.0,0,1300,3,1015
770,7950,64.0,78356,Petrol,86,1.0,0,1300,3,1015
771,7950,65.0,78076,Petrol,86,1.0,0,1300,3,1015
772,9500,60.0,78063,Petrol,107,0.6749611197511665,1,1600,5,1100
773,10950,60.0,77821,Petrol,110,1.0,0,1600,5,1075
774,9750,68.0,77695,Petrol,110,0.6749611197511665,0,1600,4,1035
775,9750,65.0,77500,Petrol,110,1.0,0,1600,3,1050
776,9450,63.0,77457,Petrol,110,1.0,0,1600,3,1055
777,8950,68.0,77029,Petrol,86,1.0,0,1300,3,1015
778,8950,68.0,77008,Petrol,86,1.0,0,1300,3,1015
779,8900,66.0,76791,Petrol,110,1.0,0,1600,5,1070
780,9950,61.0,76700,Petrol,86,1.0,0,1300,5,1035
781,8750,67.0,76569,Petrol,86,1.0,0,1300,3,1020
782,8950,59.0,76162,Petrol,110,1.0,0,1600,5,1075
783,8990,65.0,76155,Petrol,110,1.0,0,1600,4,1035
784,8950,61.0,75609,Petrol,86,1.0,0,1300,3,1015
785,8950,62.0,75569,Diesel,72,1.0,0,2000,3,1120
786,9950,60.0,75429,Petrol,110,1.0,0,1600,3,1065
787,9900,68.0,75000,Petrol,110,1.0,0,1600,5,1075
788,8950,65.0,75000,Petrol,86,0.0,0,1300,3,1015
789,8950,62.0,75000,Petrol,110,1.0,0,1600,5,1070
790,9500,66.0,74963,Petrol,107,0.0,1,1600,3,1085
791,7950,68.0,74889,Petrol,86,1.0,0,1300,3,1015
792,7750,60.0,74875,Petrol,110,0.0,0,1600,5,1070
793,8950,63.0,74747,Petrol,110,1.0,0,1600,5,1075
794,11950,60.0,74720,Petrol,110,0.6749611197511665,0,1600,5,1085
795,8950,62.0,74457,Petrol,110,0.0,0,1600,5,1075
796,11950,60.0,74337,Petrol,86,0.0,0,1300,5,1035
797,8950,68.0,74308,Petrol,110,0.0,0,1600,3,1050
798,9950,64.0,74193,Petrol,110,0.6749611197511665,0,1600,3,1050
799,8250,65.0,74179,Petrol,110,1.0,0,1600,3,1050
800,8995,67.0,73936,Petrol,86,1.0,0,1300,5,1050
801,9995,61.0,73894,Petrol,110,1.0,0,1600,3,1065
802,9250,64.0,73500,Petrol,110,1.0,0,1600,3,1050
803,10950,64.0,73376,Petrol,110,0.0,0,1600,5,1070
804,8900,60.0,73300,Petrol,86,1.0,0,1300,3,1015
805,9500,60.0,73172,Petrol,110,1.0,0,1600,5,1075
806,9950,58.0,72928,Petrol,110,1.0,0,1600,5,1075
807,7950,67.0,72880,Petrol,86,1.0,0,1332,3,1015
808,8250,63.0,72522,Petrol,110,1.0,0,1600,3,1050
809,9450,64.0,72000,Petrol,86,1.0,0,1300,3,1015
810,7950,57.0,72000,Petrol,86,0.0,0,1300,3,1015
811,9500,59.0,71366,Petrol,110,0.0,0,1600,3,1065
812,8950,65.0,71317,Petrol,110,0.6749611197511665,0,1600,3,1050
813,10950,62.0,71000,Petrol,110,0.0,0,1600,5,1070
814,8950,60.0,70954,Petrol,110,0.0,0,1600,3,1050
815,9450,63.0,70908,Petrol,86,0.0,0,1300,5,1035
816,8000,58.0,70560,Petrol,110,1.0,0,1600,3,1050
817,9900,67.0,70552,Petrol,110,0.0,0,1600,5,1075
818,8950,62.0,70500,Petrol,110,1.0,0,1600,5,1035
819,10900,60.0,70453,Diesel,72,0.0,0,2000,5,1135
820,9450,59.0,70218,Petrol,110,1.0,0,1600,3,1050
821,8450,64.0,70116,Petrol,110,1.0,0,1600,4,1035
822,9500,65.0,70068,Petrol,110,1.0,0,1600,5,1075
823,10500,67.0,70000,Petrol,107,1.0,1,1587,3,1065
824,6950,68.0,70000,Petrol,86,1.0,0,1300,3,1015
825,9750,68.0,69103,Petrol,110,0.0,0,1600,4,1035
826,6950,58.0,69022,Petrol,86,1.0,0,1300,5,1035
827,9650,67.0,69000,Petrol,110,1.0,0,1600,3,1065
828,9950,68.0,68865,Petrol,110,1.0,0,1600,3,1065
829,9250,58.0,68723,Petrol,86,0.0,0,1300,3,1025
830,8950,63.0,68453,Petrol,110,1.0,0,1600,5,1070
831,9900,63.0,68238,Petrol,86,0.0,0,1300,5,1050
832,10995,63.0,68153,Petrol,110,1.0,0,1600,5,1085
833,10500,65.0,68000,Petrol,110,0.0,0,1600,5,1075
834,8950,65.0,68000,Petrol,86,1.0,0,1300,3,1015
835,9750,67.0,67762,Petrol,110,0.6749611197511665,0,1600,3,1065
836,10950,68.0,67146,Petrol,110,1.0,0,1600,5,1075
837,9750,67.0,67110,Petrol,86,1.0,0,1300,5,1035
838,9950,59.0,67010,Petrol,110,1.0,0,1600,3,1065
839,10500,65.0,67003,Petrol,110,1.0,0,1600,4,1035
840,10400,68.0,66785,Petrol,86,0.0,1,1300,3,1045
841,8800,68.0,66550,Petrol,86,0.0,0,1332,3,1010
842,10500,61.0,66259,Petrol,110,1.0,0,1600,3,1065
843,9250,62.0,66082,Petrol,110,0.6749611197511665,0,1600,5,1070
844,7800,65.0,66000,Petrol,86,1.0,0,1300,3,1015
845,9950,61.0,66000,Petrol,110,0.0,0,1600,3,1050
846,10750,63.0,65896,Petrol,110,1.0,0,1600,3,1065
847,10950,67.0,65785,Petrol,110,0.6749611197511665,0,1600,5,1075
848,9950,65.0,65513,Petrol,110,0.6749611197511665,1,1600,4,1070
849,9950,59.0,65463,Petrol,110,1.0,0,1600,5,1070
850,8100,60.0,65400,Petrol,86,1.0,0,1300,4,1000
851,9250,60.0,65259,Petrol,110,1.0,0,1600,3,1050
852,7800,64.0,65000,Petrol,110,1.0,0,1600,3,1050
853,9000,68.0,65000,Petrol,110,0.0,0,1600,5,1070
854,8950,57.0,65000,Petrol,110,0.0,0,1600,4,1035
855,8950,62.0,64966,Petrol,86,0.6749611197511665,0,1300,3,1020
856,9950,68.0,64950,Petrol,110,1.0,0,1600,5,1075
857,8500,60.0,64914,Petrol,110,0.6749611197511665,0,1600,5,1070
858,7995,62.0,64797,Petrol,110,1.0,0,1600,5,1075
859,8750,65.0,64772,Petrol,110,1.0,0,1600,3,1050
860,9750,63.0,64690,Petrol,86,0.0,0,1300,3,1020
861,10950,65.0,64630,Petrol,110,0.0,0,1600,5,1070
862,9750,67.0,64613,Petrol,110,1.0,0,1600,5,1085
863,8200,60.0,64383,Petrol,86,0.6749611197511665,0,1300,3,1015
864,8950,68.0,64000,Petrol,110,0.6749611197511665,0,1600,5,1075
865,9500,66.0,63881,Petrol,86,0.0,0,1300,3,1015
866,10950,58.0,63870,Diesel,72,0.0,0,2000,5,1135
867,9750,66.0,63328,Petrol,86,0.0,1,1300,5,1065
868,9950,65.0,63000,Petrol,86,1.0,1,1300,5,1065
869,10450,60.0,63000,Petrol,86,0.0,1,1300,3,1050
870,9850,65.0,62396,Petrol,110,0.0,0,1600,3,1050
871,9450,62.0,62377,Petrol,110,1.0,0,1600,5,1075
872,10295,67.0,62316,Petrol,110,1.0,0,1600,3,1050
873,9750,68.0,62292,Petrol,110,1.0,0,1600,3,1065
874,8950,65.0,62225,Petrol,110,1.0,0,1600,3,1050
875,9900,68.0,62222,Petrol,110,0.0,0,1600,5,1075
876,8750,66.0,62135,Petrol,86,0.6749611197511665,0,1300,5,1035
877,9950,58.0,62024,Petrol,110,1.0,0,1600,5,1075
878,8500,60.0,61977,Petrol,86,1.0,0,1300,3,1015
879,9950,62.0,61930,Petrol,110,0.6749611197511665,0,1600,4,1035
880,10950,57.0,61682,Petrol,110,0.0,0,1600,3,1050
881,9795,68.0,61568,Petrol,110,1.0,0,1600,4,1035
882,8750,68.0,61504,Petrol,110,1.0,0,1600,4,1035
883,8250,65.0,61384,Petrol,110,1.0,0,1600,3,1050
884,9950,58.0,61343,Petrol,110,1.0,0,1600,5,1075
885,9950,62.0,61254,Petrol,110,0.0,0,1600,5,1075
886,10500,59.0,61166,Petrol,110,1.0,0,1600,3,1050
887,9750,62.0,61149,Petrol,86,1.0,0,1300,5,1040
888,11250,61.0,61144,Petrol,110,1.0,0,1600,5,1090
889,8900,59.0,61127,Petrol,110,1.0,0,1600,3,1050
890,7950,60.0,61100,Petrol,86,1.0,0,1300,3,1015
891,11500,68.0,61100,Petrol,110,1.0,0,1600,5,1075
892,9450,57.0,61000,Petrol,110,0.6749611197511665,0,1600,3,1050
893,7995,65.0,60724,Petrol,86,1.0,0,1300,3,1015
894,10995,59.0,60708,Petrol,86,1.0,0,1300,5,1045
895,8950,61.0,60532,Petrol,110,1.0,0,1600,3,1050
896,8250,60.0,60000,Petrol,86,0.0,1,1300,4,1030
897,8950,66.0,60000,Petrol,86,1.0,0,1300,3,1015
898,8950,65.0,60000,Petrol,86,1.0,0,1300,3,1015
899,9500,62.0,59295,Petrol,86,0.0,0,1300,5,1035
900,7500,65.0,59264,Petrol,86,0.0,0,1300,3,1015
901,8950,63.0,59000,Petrol,110,0.0,0,1600,3,1050
902,9950,63.0,59000,Petrol,86,1.0,0,1300,5,1035
903,9750,65.0,59000,Petrol,110,0.0,0,1600,5,1075
904,9450,61.0,59000,Petrol,110,1.0,0,1600,5,1070
905,9950,65.0,59000,Petrol,110,0.0,0,1600,3,1050
906,9750,68.0,58860,Petrol,110,1.0,0,1600,3,1055
907,8950,65.0,58829,Petrol,110,0.0,0,1600,3,1050
908,8250,66.0,58654,Petrol,110,1.0,0,1600,5,1070
909,7750,65.0,58300,Petrol,86,1.0,0,1300,3,1015
910,8950,60.0,58269,Petrol,110,0.6749611197511665,0,1600,3,1050
911,9950,64.0,58136,Petrol,110,1.0,0,1600,5,1075
912,9450,66.0,58113,Petrol,107,1.0,1,1600,3,1085
913,12950,67.0,58058,Petrol,110,1.0,0,1600,3,1065
914,9950,58.0,58000,Petrol,110,1.0,0,1600,3,1050
915,10495,62.0,58000,Petrol,110,1.0,0,1600,3,1065
916,7950,68.0,57565,Petrol,86,0.6749611197511665,0,1300,5,1035
917,10500,63.0,57413,Petrol,107,0.0,1,1600,5,1115
918,8950,65.0,57374,Petrol,110,1.0,0,1600,5,1075
919,9900,62.0,57179,Petrol,110,1.0,0,1600,5,1075
920,9995,61.0,57169,Petrol,110,1.0,0,1600,3,1065
921,9950,63.0,57124,Petrol,110,1.0,0,1600,3,1065
922,9950,63.0,57000,Petrol,110,0.6749611197511665,0,1600,3,1050
923,8250,67.0,57000,Petrol,110,0.0,0,1600,3,1050
924,9950,63.0,57000,Petrol,86,1.0,0,1300,5,1035
925,8950,59.0,56259,Petrol,86,0.0,0,1300,3,1015
926,10950,62.0,56209,Petrol,107,1.0,1,1600,3,1080
927,9250,67.0,56074,Petrol,86,0.0,0,1300,4,1000
928,9950,63.0,55942,Petrol,110,1.0,0,1600,5,1070
929,9995,57.0,55844,Petrol,86,1.0,0,1300,5,1045
930,8750,61.0,55747,Petrol,86,0.0,0,1300,3,1020
931,10950,58.0,55478,Petrol,86,0.0,0,1300,5,1045
932,10350,60.0,55085,Petrol,107,0.0,1,1600,5,1105
933,9950,65.0,55061,Petrol,110,1.0,0,1600,5,1070
934,8950,65.0,55000,Petrol,86,1.0,0,1300,3,1015
935,10950,57.0,55000,Petrol,110,0.0,0,1600,5,1075
936,10950,63.0,54936,Petrol,110,1.0,0,1600,5,1075
937,8950,68.0,54875,Petrol,110,1.0,0,1600,5,1070
938,8900,67.0,54847,Petrol,110,0.0,0,1600,3,1050
939,10250,60.0,54554,Petrol,110,0.6749611197511665,0,1600,3,1065
940,9450,61.0,54125,Petrol,110,1.0,0,1600,5,1035
941,9250,61.0,54000,Petrol,110,1.0,0,1600,3,1055
942,10500,57.0,54000,Petrol,110,1.0,0,1600,5,1075
943,7350,58.0,54000,Petrol,86,0.0,0,1300,5,1035
944,10250,57.0,54000,Petrol,110,1.0,0,1600,3,1135
945,10250,62.0,53285,Petrol,110,1.0,0,1600,5,1075
946,11500,65.0,53053,Petrol,110,1.0,0,1600,5,1075
947,8950,68.0,53000,Petrol,110,1.0,1,1587,3,1075
948,7750,60.0,53000,Petrol,86,0.0,0,1300,3,1015
949,9500,64.0,52968,Petrol,110,1.0,0,1600,3,1050
950,8450,67.0,52800,Petrol,86,1.0,0,1300,3,1015
951,8950,57.0,52548,Petrol,110,0.0,0,1600,3,1050
952,8400,60.0,52487,Petrol,110,1.0,0,1600,4,1035
953,9250,66.0,52383,Petrol,86,0.0,0,1300,3,1015
954,8900,61.0,52112,Petrol,110,1.0,0,1600,4,1035
955,8750,58.0,51712,Petrol,110,0.0,0,1600,3,1050
956,10950,58.0,51421,Petrol,110,0.0,1,1600,5,1105
957,8950,61.0,51235,Petrol,86,1.0,0,1300,4,1000
958,8950,65.0,51000,Petrol,86,1.0,0,1300,3,1015
959,8895,61.0,50925,Petrol,110,1.0,0,1600,5,1070
960,9390,66.0,50806,Petrol,86,0.0,0,1300,3,1480
961,8750,59.0,50469,Petrol,110,1.0,0,1600,5,1070
962,9750,61.0,50173,Petrol,110,1.0,0,1600,5,1075
963,9950,62.0,50000,Petrol,110,1.0,0,1600,5,1075
964,10950,65.0,49942,Petrol,110,0.0,0,1600,3,1065
965,9900,67.0,49585,Petrol,110,0.0,0,1600,5,1085
966,9500,62.0,49258,Petrol,110,1.0,0,1600,4,1035
967,9950,61.0,49000,Petrol,110,0.0,0,1600,3,1050
968,9950,63.0,48738,Petrol,110,0.0,0,1600,5,1055
969,10500,62.0,47750,Petrol,86,1.0,0,1300,5,1040
970,9950,63.0,47612,Petrol,86,0.0,0,1300,3,1015
971,10495,68.0,47500,Petrol,86,0.6749611197511665,0,1300,5,1035
972,9500,60.0,47237,Petrol,110,0.0,0,1600,3,1050
973,8500,58.0,47171,Petrol,86,1.0,0,1300,3,1015
974,10450,60.0,47060,Petrol,110,0.0,0,1600,4,1035
975,8950,65.0,47014,Petrol,86,0.6749611197511665,0,1300,3,1015
976,9900,59.0,46929,Petrol,86,1.0,0,1300,3,1025
977,8900,60.0,46000,Petrol,86,0.0,0,1300,5,1035
978,8745,65.0,45681,Petrol,110,0.0,0,1600,3,1050
979,8750,65.0,45549,Petrol,86,0.6749611197511665,0,1300,3,1015
980,10750,57.0,45000,Petrol,110,1.0,0,1600,5,1050
981,9750,57.0,45000,Petrol,110,1.0,0,1600,3,1050
982,8850,65.0,45000,Petrol,110,0.0,0,1600,5,1075
983,7950,66.0,45000,Petrol,86,1.0,0,1300,5,1035
984,9450,63.0,45000,Petrol,110,1.0,0,1600,4,1035
985,9950,61.0,45000,Petrol,107,0.0,1,1600,3,1085
986,8250,63.0,44944,Petrol,110,0.6749611197511665,0,1600,4,1035
987,9950,61.0,44597,Petrol,86,0.6749611197511665,0,1300,3,1015
988,9995,60.0,44458,Petrol,86,0.0,0,1300,3,1015
989,9950,59.0,43818,Petrol,110,0.0,0,1600,5,1070
990,10495,60.0,43426,Petrol,110,1.0,0,1600,5,1070
991,7950,60.0,43000,Petrol,110,0.6749611197511665,1,1600,4,1114
992,8950,68.0,43000,Petrol,110,1.0,0,1600,5,1035
993,9695,57.0,43000,Petrol,110,0.0,0,1600,5,1075
994,7750,64.0,43000,Petrol,86,0.6749611197511665,0,1300,3,1015
995,9950,68.0,42750,Petrol,110,0.6749611197511665,0,1600,3,1050
996,9950,67.0,42102,Petrol,110,0.6749611197511665,0,1600,5,1075
997,9950,63.0,41586,Petrol,110,1.0,0,1600,5,1114
998,9900,64.0,41200,Petrol,110,0.6749611197511665,0,1600,5,1070
999,10950,57.0,40214,Petrol,86,0.0,0,1300,3,1025
1000,8950,60.0,40000,Petrol,86,1.0,0,1300,4,1000
1001,8950,66.0,39222,Petrol,86,1.0,1,1300,3,1045
1002,8250,66.0,39144,Petrol,110,1.0,0,1600,3,1050
1003,10250,62.0,39000,Petrol,110,1.0,0,1600,5,1075
1004,8750,61.0,38019,Petrol,110,1.0,0,1600,5,1070
1005,9750,60.0,37759,Petrol,110,1.0,0,1600,5,1070
1006,10950,61.0,37500,Petrol,110,0.0,0,1600,5,1085
1007,10950,60.0,37111,Petrol,110,1.0,0,1600,3,1050
1008,9750,62.0,37000,Petrol,86,0.0,0,1300,3,1015
1009,8900,59.0,36954,Petrol,110,1.0,0,1600,3,1050
1010,9500,60.0,36943,Petrol,110,0.0,0,1600,5,1070
1011,9950,63.0,36923,Petrol,86,0.0,0,1300,5,1050
1012,9950,66.0,36658,Petrol,110,0.0,0,1600,3,1050
1013,8250,65.0,36000,Petrol,86,1.0,0,1300,3,1015
1014,10450,65.0,36000,Petrol,110,0.6749611197511665,0,1600,3,1065
1015,10950,62.0,35512,Petrol,110,1.0,0,1600,3,1065
1016,9250,65.0,35283,Petrol,86,1.0,0,1300,3,1015
1017,8900,68.0,35000,Petrol,110,1.0,0,1600,3,1050
1018,10900,57.0,35000,Petrol,86,1.0,0,1300,5,1045
1019,9750,64.0,34114,Petrol,110,0.0,0,1600,3,1050
1020,11950,58.0,34000,Petrol,110,0.0,0,1600,5,1075
1021,7900,68.0,33847,Petrol,86,1.0,0,1300,4,1000
1022,10900,57.0,33535,Petrol,110,0.0,0,1600,4,1035
1023,10450,65.0,33000,Petrol,110,0.0,0,1600,3,1050
1024,10950,59.0,32150,Petrol,110,1.0,0,1600,5,1085
1025,9950,65.0,31588,Petrol,86,1.0,0,1300,3,1015
1026,10750,60.0,31480,Petrol,110,1.0,0,1600,3,1065
1027,9900,57.0,31307,Petrol,110,1.0,0,1600,5,1070
1028,10750,68.0,31000,Petrol,110,1.0,0,1600,4,1035
1029,10450,58.0,30634,Petrol,110,1.0,0,1600,5,1075
1030,9450,68.0,30300,Petrol,86,1.0,0,1300,4,1000
1031,10750,60.0,28500,Petrol,86,1.0,1,1300,3,1045
1032,10950,60.0,28500,Petrol,110,0.0,0,1600,5,1075
1033,10000,57.0,28000,Petrol,86,0.6749611197511665,0,1300,3,1015
1034,10500,68.0,26698,Petrol,110,0.0,0,1600,3,1055
1035,12500,62.0,26000,Petrol,107,0.6749611197511665,1,1600,3,1085
1036,8950,62.0,25505,Petrol,86,1.0,0,1300,5,1035
1037,10500,58.0,25000,Petrol,110,1.0,0,1600,5,1075
1038,9245,66.0,22835,Petrol,110,1.0,0,1600,3,1050
1039,10950,59.0,22705,Petrol,110,1.0,0,1600,5,1075
1040,9500,60.0,22178,Petrol,86,1.0,0,1300,3,1015
1041,10900,62.0,17345,Petrol,110,1.0,0,1600,3,1050
1042,10950,67.0,15535,Petrol,86,0.6749611197511665,1,1300,4,1030
1043,9450,66.0,15110,Petrol,86,0.0,0,1300,5,1035
1044,5900,73.0,232940,Diesel,72,0.0,0,2000,5,1172
1045,6950,79.0,218118,Diesel,72,0.0,0,2000,5,1150
1046,6000,78.0,217764,Diesel,72,1.0,0,2000,5,1135
1047,5250,79.0,207114,CNG,110,1.0,0,1600,5,1114
1048,4400,74.0,203254,Diesel,72,1.0,0,2000,3,1135
1049,6750,77.0,??,Diesel,72,1.0,0,2000,4,1100
1050,8500,69.0,197501,Diesel,72,0.0,0,2000,5,1135
1051,6150,80.0,194765,Diesel,72,0.0,0,2000,3,1120
1052,6950,76.0,191620,Diesel,72,0.0,0,2000,5,1150
1053,5750,76.0,183277,Diesel,72,0.0,0,2000,3,1115
1054,8750,78.0,180378,Petrol,72,1.0,0,2000,4,1100
1055,6500,70.0,178800,Diesel,72,0.0,0,2000,3,1115
1056,5950,73.0,176177,Petrol,110,0.6749611197511665,0,1600,5,1075
1057,6500,78.0,176000,Petrol,86,0.0,0,1300,5,1035
1058,10500,77.0,172980,Diesel,72,0.6749611197511665,0,2000,5,1135
1059,8500,77.0,170000,Diesel,72,0.0,0,2000,4,1100
1060,7950,71.0,164000,Petrol,110,1.0,0,1600,3,1050
1061,5800,78.0,161775,Petrol,86,0.6749611197511665,0,1300,3,1015
1062,6750,80.0,160000,Petrol,86,0.0,0,1300,3,1015
1063,6950,78.0,159968,Diesel,72,0.0,0,2000,3,1115
1064,5740,74.0,159908,Petrol,110,0.0,0,1600,3,1050
1065,6550,73.0,158492,Petrol,86,0.0,0,1300,3,1015
1066,8950,69.0,156204,Diesel,72,1.0,0,2000,3,1115
1067,6750,73.0,156169,Petrol,86,1.0,0,1300,5,1035
1068,7950,78.0,155210,Petrol,110,0.0,0,1600,3,1050
1069,7950,69.0,155000,Diesel,72,0.0,0,2000,3,1115
1070,7450,76.0,154900,Diesel,72,1.0,0,2000,5,1140
1071,7750,70.0,151300,Diesel,72,1.0,0,2000,5,1150
1072,6450,71.0,151000,CNG,110,1.0,0,1600,5,1094
1073,7900,75.0,150000,Diesel,72,1.0,0,2000,3,1135
1074,6900,69.0,146304,Diesel,72,0.6749611197511665,0,2000,3,1115
1075,5600,75.0,146197,Petrol,86,0.0,0,1300,3,1015
1076,5950,77.0,145996,Petrol,110,0.0,0,1600,4,1035
1077,6950,80.0,143560,Petrol,86,1.0,1,1300,3,1045
1078,7950,71.0,139145,Diesel,73,0.0,0,2000,2,1115
1079,8950,60.0,138500,Petrol,86,0.0,0,1300,5,1050
1080,7950,74.0,137741,Diesel,90,1.0,0,2000,5,1135
1081,9500,80.0,137178,Diesel,90,1.0,0,2000,5,1135
1082,8600,60.0,134889,Diesel,72,1.0,0,2000,3,1115
1083,5950,71.0,134660,Diesel,72,0.0,0,2000,5,1135
1084,7750,73.0,134539,Petrol,110,0.6749611197511665,0,1600,5,1070
1085,7950,79.0,131500,Diesel,72,0.0,0,2000,5,1140
1086,6950,77.0,131307,Petrol,110,0.6749611197511665,0,1600,3,1050
1087,7250,74.0,130025,Petrol,110,1.0,0,1600,3,1050
1088,6500,78.0,130000,Petrol,86,0.6749611197511665,0,1300,5,1015
1089,7250,77.0,128960,Petrol,110,1.0,0,1600,5,1070
1090,9250,80.0,128351,Petrol,110,1.0,0,1600,5,1070
1091,8250,73.0,128006,Petrol,110,1.0,0,1600,3,1050
1092,7250,71.0,127159,Diesel,72,1.0,0,2000,3,1115
1093,5250,72.0,126478,Petrol,110,1.0,0,1600,4,1035
1094,7900,77.0,126000,Petrol,110,1.0,0,1600,5,1050
1095,6900,76.0,125778,Petrol,110,0.0,0,1600,3,1050
1096,7900,75.0,125400,Petrol,110,0.0,0,1600,3,1050
1097,7250,74.0,124910,Diesel,72,0.0,0,2000,5,1135
1098,8450,70.0,124743,Petrol,110,1.0,0,1600,3,1050
1099,7950,60.0,124591,Petrol,110,1.0,0,1600,5,1075
1100,7950,74.0,124057,Petrol,110,1.0,0,1600,3,1050
1101,6450,72.0,123403,Petrol,110,1.0,0,1600,3,1050
1102,6650,75.0,123104,Petrol,110,1.0,0,1600,5,1070
1103,7950,74.0,123077,Petrol,86,0.6749611197511665,0,1300,3,1015
1104,7250,80.0,122820,Petrol,86,0.0,0,1300,5,1040
1105,7450,77.0,122290,Petrol,110,0.0,0,1600,3,1050
1106,7950,74.0,121900,Petrol,110,1.0,0,1600,4,1035
1107,7250,60.0,121545,Petrol,110,1.0,0,1600,5,1070
1108,8250,71.0,120474,Diesel,72,0.6749611197511665,0,2000,3,1115
1109,8950,76.0,120263,Diesel,72,1.0,0,2000,5,1135
1110,7750,74.0,120196,Petrol,110,1.0,0,1600,3,1050
1111,8500,71.0,120000,Petrol,110,0.0,0,1600,5,1085
1112,7750,78.0,120000,Petrol,110,0.0,0,1600,5,1075
1113,5750,73.0,115877,Petrol,110,0.0,0,1600,4,1035
1114,6900,76.0,115345,Petrol,110,1.0,0,1600,5,1070
1115,6500,60.0,115157,Petrol,110,1.0,0,1600,3,1050
1116,6500,78.0,115000,Petrol,107,1.0,1,1600,5,1100
1117,7600,77.0,114258,Petrol,86,1.0,0,1300,5,1050
1118,8950,73.0,112963,Diesel,72,1.0,0,2000,5,1135
1119,7450,74.0,112307,Petrol,110,1.0,0,1600,5,1070
1120,7350,72.0,??,Petrol,86,1.0,0,1300,3,1015
1121,7750,73.0,111602,Petrol,86,0.6749611197511665,0,1300,3,1015
1122,7460,80.0,111392,CNG,110,0.0,0,1598,3,1083
1123,9250,76.0,110901,Petrol,110,1.0,0,1600,5,1085
1124,7250,80.0,110887,Petrol,110,1.0,0,1600,3,1055
1125,6500,72.0,110634,Petrol,86,1.0,0,1300,3,1015
1126,6800,80.0,110000,Petrol,110,1.0,0,1600,4,1035
1127,8700,75.0,109540,Petrol,110,0.0,0,1600,5,1085
1128,7500,60.0,109263,Petrol,110,0.0,0,1600,5,1070
1129,7750,71.0,107516,Petrol,110,0.6749611197511665,0,1600,3,1050
1130,7950,73.0,107108,Petrol,110,1.0,0,1600,3,1050
1131,9950,75.0,107000,Petrol,110,1.0,0,1600,3,1050
1132,6640,74.0,106250,Petrol,110,0.0,0,1600,5,1070
1133,8750,71.0,106150,Petrol,86,0.0,0,1300,3,1015
1134,7750,72.0,106108,Petrol,110,0.6749611197511665,0,1600,3,1050
1135,5950,72.0,105856,Petrol,86,0.0,0,1300,3,1015
1136,6750,77.0,105152,Petrol,86,0.0,0,1300,3,1015
1137,6500,80.0,105135,Petrol,110,1.0,0,1600,3,1050
1138,8750,76.0,104344,Petrol,110,1.0,0,1600,3,1050
1139,7950,74.0,104150,Petrol,110,1.0,0,1600,3,1050
1140,6750,74.0,104000,Petrol,86,1.0,0,1300,3,1010
1141,7950,73.0,103121,Petrol,86,1.0,0,1300,5,1035
1142,7950,80.0,102300,Petrol,86,1.0,0,1300,3,1015
1143,8950,75.0,102005,Petrol,107,1.0,1,1600,5,1105
1144,7750,77.0,102000,Petrol,86,1.0,0,1300,3,1015
1145,6450,75.0,101855,Petrol,110,1.0,0,1600,5,1070
1146,6900,74.0,101773,Petrol,110,0.0,0,1600,3,1050
1147,8450,75.0,101159,Petrol,110,1.0,0,1600,5,1085
1148,6750,74.0,101000,Petrol,86,0.0,0,1300,3,1015
1149,8050,74.0,100732,Petrol,86,1.0,1,1300,4,1030
1150,9500,79.0,100719,Petrol,110,0.0,0,1600,5,1070
1151,7750,78.0,100487,Petrol,110,0.0,0,1600,4,1035
1152,8500,80.0,100458,Petrol,110,0.0,0,1600,5,1085
1153,7795,75.0,100192,Petrol,110,1.0,0,1600,3,1050
1154,6490,80.0,100123,Petrol,110,1.0,0,1600,3,1050
1155,7950,73.0,99971,Petrol,110,1.0,0,1600,3,1050
1156,6425,79.0,99397,Petrol,86,0.0,0,1300,5,1035
1157,8950,69.0,99374,Petrol,86,1.0,0,1300,5,1035
1158,6950,72.0,99245,Petrol,110,1.0,0,1600,5,1114
1159,8750,79.0,98742,Petrol,110,0.0,0,1600,5,1085
1160,8450,71.0,98154,Petrol,110,1.0,0,1600,3,1050
1161,7950,77.0,98000,Petrol,110,1.0,0,1600,5,1065
1162,7950,80.0,97548,Petrol,86,0.0,0,1300,5,1035
1163,8900,78.0,97534,Petrol,110,1.0,0,1600,5,1070
1164,8950,73.0,97494,Petrol,110,1.0,0,1600,5,1085
1165,8900,73.0,97085,Petrol,110,1.0,0,1600,5,1085
1166,7950,69.0,97000,Petrol,110,0.0,0,1600,4,1035
1167,6495,74.0,96302,Petrol,86,1.0,0,1300,3,1015
1168,7250,78.0,96000,Petrol,86,1.0,0,1300,3,1015
1169,9250,60.0,96000,Petrol,110,1.0,0,1600,5,1085
1170,6650,78.0,95909,Petrol,110,1.0,0,1600,5,1070
1171,6990,79.0,95700,Petrol,110,0.0,0,1600,5,1085
1172,7750,78.0,95651,Petrol,110,1.0,0,1600,5,1070
1173,6950,79.0,95000,Petrol,86,1.0,0,1300,5,1035
1174,7250,80.0,94447,Petrol,110,0.0,0,1600,3,1050
1175,9950,60.0,94079,Petrol,110,1.0,0,1600,5,1085
1176,9250,60.0,93841,Petrol,110,0.0,0,1600,5,1070
1177,7200,79.0,93090,Petrol,86,1.0,0,1300,5,1035
1178,8250,72.0,93066,Petrol,110,1.0,0,1600,5,1075
1179,8950,79.0,93039,Petrol,110,1.0,0,1600,3,1050
1180,8250,77.0,93000,Petrol,110,1.0,0,1600,5,1075
1181,6250,80.0,92830,Petrol,86,1.0,0,1300,3,1015
1182,9900,80.0,92255,Petrol,107,0.0,1,1600,5,1105
1183,7300,80.0,92096,Petrol,86,1.0,0,1300,5,1035
1184,8950,72.0,91921,Petrol,86,1.0,0,1300,3,1020
1185,6500,70.0,91900,Petrol,86,1.0,0,1300,3,1015
1186,7950,78.0,91399,Petrol,110,1.0,0,1600,5,1070
1187,7450,75.0,91082,Petrol,110,0.6749611197511665,0,1600,3,1050
1188,7950,71.0,90370,Petrol,86,1.0,0,1300,5,1035
1189,8500,78.0,90345,Petrol,86,1.0,0,1300,5,1035
1190,6950,77.0,90305,Petrol,86,1.0,0,1300,3,1015
1191,7950,78.0,90011,Petrol,86,0.0,1,1300,3,1045
1192,6750,77.0,90000,Petrol,86,1.0,0,1300,3,1015
1193,8450,70.0,89983,Petrol,110,0.0,0,1600,3,1055
1194,7500,78.0,89953,Petrol,110,0.0,0,1600,5,1114
1195,8750,74.0,89800,Diesel,72,1.0,0,2000,3,1115
1196,8750,79.0,89739,Petrol,86,1.0,0,1300,5,1035
1197,8950,76.0,89520,Petrol,110,1.0,0,1600,3,1050
1198,7450,60.0,89507,Petrol,86,0.0,0,1300,3,1015
1199,9200,69.0,89096,Petrol,110,1.0,0,1600,5,1085
1200,8950,74.0,88700,Petrol,110,1.0,0,1600,3,1050
1201,7850,72.0,88500,Petrol,110,0.6749611197511665,0,1600,5,1075
1202,6950,73.0,88186,Diesel,72,1.0,0,2000,3,1115
1203,7200,75.0,88000,Petrol,110,1.0,0,1600,3,1050
1204,7450,78.0,87743,Petrol,110,0.0,0,1600,3,1055
1205,6750,75.0,87613,Petrol,86,0.0,0,1300,3,1015
1206,7500,73.0,87358,Petrol,110,1.0,0,1600,3,1050
1207,7450,60.0,87083,Petrol,110,0.0,0,1600,4,1035
1208,7950,70.0,87000,Petrol,110,0.6749611197511665,0,1600,4,1035
1209,7250,78.0,87000,Petrol,110,1.0,0,1600,4,1035
1210,7950,60.0,87000,Petrol,86,1.0,0,1300,3,1015
1211,8250,80.0,87000,Petrol,86,1.0,0,1300,3,1015
1212,8250,72.0,86860,Petrol,110,0.0,0,1600,5,1075
1213,6750,80.0,86109,Petrol,110,1.0,0,1600,3,1055
1214,8750,79.0,86000,Petrol,86,1.0,0,1300,5,1040
1215,8950,80.0,86000,Petrol,110,0.0,0,1600,3,1050
1216,8500,70.0,85864,Diesel,72,1.0,0,2000,5,1135
1217,8250,80.0,85565,Petrol,110,0.0,0,1600,5,1070
1218,9450,70.0,85470,Petrol,107,0.0,1,1600,3,1080
1219,7950,73.0,85200,Petrol,110,1.0,0,1600,3,1050
1220,7900,70.0,85000,Petrol,110,1.0,0,1600,3,1055
1221,8500,73.0,84988,Petrol,110,1.0,0,1600,3,1050
1222,8250,79.0,84966,Petrol,110,0.0,0,1600,5,1070
1223,8250,76.0,84472,Petrol,110,1.0,0,1600,5,1070
1224,8950,73.0,84402,Petrol,110,1.0,0,1600,4,1035
1225,7950,74.0,84123,Petrol,110,0.0,0,1600,3,1050
1226,6950,60.0,84000,Petrol,110,0.0,0,1600,5,1075
1227,7250,78.0,84000,Petrol,110,1.0,0,1600,5,1065
1228,7750,77.0,84000,Petrol,110,1.0,0,1600,5,1085
1229,8700,75.0,83850,Petrol,110,0.6749611197511665,0,1600,3,1055
1230,8950,60.0,83540,Petrol,110,1.0,0,1600,5,1070
1231,6750,76.0,83405,Petrol,110,1.0,0,1600,5,1070
1232,7500,71.0,83291,Petrol,110,1.0,0,1600,5,1070
1233,7950,69.0,83133,Petrol,86,0.0,0,1300,3,1015
1234,8950,71.0,83047,Petrol,86,1.0,1,1300,3,1045
1235,7950,71.0,82700,Petrol,110,0.0,0,1600,3,1050
1236,7450,60.0,82675,Petrol,86,0.0,0,1300,3,1015
1237,5950,78.0,82595,Petrol,86,1.0,0,1300,3,1015
1238,7750,75.0,82256,Petrol,110,1.0,0,1600,3,1050
1239,6950,77.0,82103,Petrol,86,1.0,0,1300,3,1015
1240,8750,80.0,82021,Petrol,86,1.0,0,1300,5,1035
1241,8950,71.0,82000,Petrol,110,1.0,0,1600,5,1075
1242,7495,79.0,81988,Petrol,110,1.0,0,1600,5,1070
1243,7750,76.0,81930,Petrol,110,0.6749611197511665,0,1600,5,1070
1244,6950,70.0,81663,Petrol,110,0.0,0,1600,3,1050
1245,7990,77.0,80486,Petrol,????,1.0,0,1600,5,1070
1246,7250,78.0,80000,Petrol,110,1.0,0,1600,4,1065
1247,6900,69.0,79000,Petrol,86,0.0,0,1300,3,1015
1248,7750,74.0,78894,Petrol,110,0.0,0,1600,5,1070
1249,7250,60.0,78689,Petrol,110,0.0,0,1600,4,1035
1250,8950,77.0,78435,Petrol,86,0.0,0,1300,3,1015
1251,8500,71.0,78260,Petrol,110,0.0,0,1600,3,1050
1252,7950,72.0,78120,Petrol,110,1.0,0,1600,5,1075
1253,6950,77.0,77000,Petrol,86,0.6749611197511665,0,1300,3,1015
1254,8000,60.0,77000,Petrol,110,0.0,0,1600,3,1050
1255,7950,75.0,76382,Petrol,110,0.6749611197511665,0,1600,3,1055
1256,8500,76.0,76268,Petrol,86,1.0,0,1300,3,1015
1257,7490,73.0,76151,Petrol,86,1.0,0,1300,3,1015
1258,8250,80.0,76000,Petrol,110,0.6749611197511665,0,1600,3,1050
1259,9250,71.0,76000,Petrol,110,1.0,0,1600,5,1070
1260,7950,72.0,75840,Petrol,86,0.0,0,1300,5,1035
1261,9500,77.0,75799,Petrol,110,1.0,0,1600,3,1050
1262,8950,72.0,75525,Petrol,110,1.0,0,1600,3,1114
1263,8450,78.0,75323,Petrol,86,1.0,0,1300,5,1050
1264,7995,79.0,75322,Petrol,110,1.0,0,1600,4,1115
1265,8750,78.0,75226,Petrol,110,0.0,0,1600,4,1035
1266,5950,71.0,75085,Petrol,86,0.0,0,1300,5,1035
1267,8500,73.0,75000,Petrol,110,0.0,0,1600,5,1075
1268,8950,69.0,75000,Petrol,86,1.0,0,1300,4,1000
1269,8750,69.0,75000,Petrol,86,1.0,0,1300,4,1000
1270,7600,78.0,74926,Petrol,110,1.0,0,1600,5,1075
1271,7145,80.0,74785,Petrol,110,1.0,0,1600,5,1070
1272,8450,69.0,74573,Petrol,110,1.0,0,1600,5,1085
1273,5950,60.0,74567,Petrol,86,1.0,0,1300,3,1015
1274,9000,80.0,74196,Petrol,110,0.6749611197511665,0,1600,5,1075
1275,7250,80.0,74151,Petrol,110,1.0,0,1600,3,1050
1276,7400,75.0,74096,Petrol,110,1.0,0,1600,3,1050
1277,8800,79.0,74093,Petrol,110,1.0,0,1600,5,1075
1278,7750,71.0,74000,Petrol,110,0.0,0,1600,3,1050
1279,7500,75.0,74000,Petrol,86,1.0,0,1300,3,1015
1280,8450,78.0,73638,Petrol,86,1.0,1,1300,4,1015
1281,7400,60.0,73460,Petrol,110,1.0,0,1600,5,1070
1282,7500,80.0,73200,Petrol,110,1.0,0,1600,5,1070
1283,8950,76.0,73116,Petrol,110,1.0,0,1600,5,1075
1284,8950,60.0,73014,Petrol,110,0.6749611197511665,0,1600,5,1075
1285,7950,77.0,72703,Petrol,110,1.0,0,1600,3,1050
1286,7950,79.0,72328,Petrol,110,1.0,0,1600,5,1075
1287,7950,78.0,72222,Petrol,110,1.0,0,1600,5,1070
1288,8950,71.0,72128,Petrol,107,1.0,1,1600,5,1100
1289,7750,78.0,72090,Petrol,110,1.0,0,1600,5,1070
1290,8250,78.0,72000,Petrol,110,1.0,0,1600,4,1035
1291,7950,78.0,72000,Petrol,110,0.0,0,1600,3,1055
1292,7750,77.0,71900,Petrol,86,1.0,0,1300,3,1015
1293,8500,77.0,71825,Petrol,110,0.0,0,1600,5,1075
1294,6950,80.0,71740,Petrol,110,1.0,0,1600,5,1070
1295,7500,80.0,71500,Petrol,110,1.0,0,1600,4,1035
1296,7750,79.0,71359,Petrol,110,1.0,0,1600,3,1050
1297,5950,79.0,71263,Petrol,86,0.6749611197511665,0,1300,3,1015
1298,7500,78.0,71186,Petrol,110,0.0,0,1600,3,1050
1299,8950,72.0,71054,Petrol,86,0.0,1,1300,3,1045
1300,7950,76.0,71000,Petrol,110,1.0,0,1600,3,1050
1301,6900,80.0,70939,Petrol,110,1.0,1,1600,5,1100
1302,7450,77.0,70932,Petrol,110,1.0,0,1600,3,1050
1303,8500,80.0,70597,Petrol,107,1.0,1,1600,3,1080
1304,7500,73.0,70482,Petrol,110,1.0,0,1600,5,1075
1305,8750,77.0,70124,Petrol,110,1.0,0,1600,3,1050
1306,7500,76.0,70039,Petrol,110,1.0,0,1600,3,1050
1307,9950,80.0,69904,Petrol,110,0.0,0,1600,5,1070
1308,7950,75.0,69388,Petrol,86,0.0,0,1300,3,1010
1309,9950,75.0,69320,Petrol,110,1.0,0,1600,5,1070
1310,9250,78.0,69000,Petrol,110,0.6749611197511665,0,1600,5,1075
1311,9250,73.0,68988,Petrol,86,1.0,0,1300,5,1035
1312,9950,60.0,68945,Petrol,110,1.0,0,1600,5,1085
1313,5950,74.0,68285,Petrol,110,1.0,0,1600,3,1050
1314,7995,60.0,68000,Petrol,110,1.0,0,1600,5,1075
1315,8950,60.0,68000,Petrol,86,1.0,1,1300,3,1045
1316,7450,75.0,67451,Petrol,86,1.0,0,1300,4,1000
1317,8250,60.0,67266,Petrol,86,1.0,0,1300,5,1035
1318,8500,78.0,67255,Petrol,110,0.0,0,1600,5,1085
1319,8500,70.0,67100,Petrol,110,1.0,0,1600,5,1075
1320,9400,69.0,67092,Diesel,72,0.6749611197511665,0,2000,3,1115
1321,7250,80.0,66880,Petrol,110,1.0,0,1600,3,1055
1322,8950,79.0,66855,Petrol,110,1.0,0,1600,5,1075
1323,9450,80.0,66843,Petrol,110,1.0,0,1600,5,1075
1324,8500,74.0,66718,Petrol,110,1.0,0,1600,3,1050
1325,6750,80.0,66168,Petrol,86,1.0,0,1300,3,1015
1326,7400,80.0,65950,Petrol,110,0.0,0,1600,5,1070
1327,8950,78.0,65500,Petrol,86,1.0,0,1300,3,1015
1328,6900,80.0,65307,Petrol,110,1.0,0,1600,3,1055
1329,7750,79.0,65254,Petrol,86,1.0,0,1300,3,1015
1330,8950,71.0,65021,Diesel,72,0.6749611197511665,0,2000,3,1115
1331,6950,75.0,65006,Petrol,86,1.0,0,1300,3,1015
1332,8495,77.0,64280,Petrol,110,0.0,0,1600,4,1035
1333,10000,75.0,64000,Petrol,107,0.0,1,1600,3,1085
1334,6999,71.0,64000,Petrol,110,0.6749611197511665,0,1600,5,1070
1335,8950,80.0,64000,Petrol,110,0.0,0,1600,3,1055
1336,8500,79.0,63918,Petrol,110,0.6749611197511665,0,1600,4,1035
1337,8750,75.0,63634,Petrol,110,1.0,0,1600,4,1035
1338,7499,80.0,63500,Petrol,110,1.0,0,1600,3,1050
1339,9000,60.0,63266,Petrol,110,1.0,0,1600,4,1035
1340,8950,77.0,62595,Petrol,110,1.0,0,1600,3,1050
1341,6950,80.0,62581,Petrol,110,0.0,0,1600,5,1075
1342,8500,77.0,62285,Petrol,110,1.0,0,1600,5,1075
1343,8450,77.0,61906,Petrol,86,1.0,1,1300,5,1065
1344,8950,74.0,61700,Petrol,110,0.0,0,1600,5,1070
1345,8250,77.0,61648,Petrol,110,1.0,0,1600,5,1070
1346,7950,75.0,61626,Petrol,86,0.0,0,1300,5,1035
1347,7450,70.0,61510,Petrol,110,0.0,0,1600,4,1035
1348,9000,79.0,61165,Petrol,107,1.0,1,1600,3,1080
1349,7150,70.0,61000,Petrol,110,1.0,0,1600,4,1035
1350,7750,76.0,60833,Petrol,110,1.0,0,1600,4,1035
1351,5845,70.0,60600,Petrol,86,0.0,0,1300,3,1060
1352,8500,72.0,60483,Petrol,110,1.0,0,1600,5,1075
1353,8250,80.0,60476,Petrol,110,0.6749611197511665,0,1600,5,1114
1354,9450,79.0,60142,Petrol,110,0.0,0,1600,3,1050
1355,6750,69.0,60050,Petrol,110,1.0,0,1600,3,1050
1356,8400,77.0,60000,Petrol,110,1.0,0,1600,3,1050
1357,7900,76.0,60000,Petrol,110,0.0,0,1600,3,1050
1358,7950,76.0,59815,Petrol,110,1.0,0,1587,3,1055
1359,8750,80.0,59326,Petrol,110,0.6749611197511665,0,1600,5,1085
1360,9900,73.0,59240,Petrol,110,1.0,0,1600,3,1050
1361,6495,71.0,59164,Petrol,110,0.0,0,1600,4,1035
1362,8250,70.0,59017,Petrol,107,1.0,1,1600,3,1080
1363,6900,69.0,58952,Petrol,110,1.0,0,1600,3,1050
1364,7500,74.0,58454,Petrol,86,1.0,0,1300,3,1015
1365,7950,75.0,58341,Petrol,86,1.0,1,1300,4,1030
1366,8250,80.0,58267,Petrol,110,1.0,0,1600,5,1070
1367,8950,80.0,58000,Petrol,110,0.0,0,1600,3,1055
1368,9750,70.0,57829,Petrol,110,0.0,0,1600,3,1050
1369,8250,80.0,57787,Petrol,86,0.0,0,1300,3,1015
1370,8900,78.0,57628,Petrol,110,0.0,0,1600,5,1075
1371,8950,75.0,57537,Petrol,86,1.0,0,1300,5,1050
1372,6750,76.0,57263,Petrol,110,1.0,0,1600,3,1050
1373,7950,75.0,57144,Petrol,110,1.0,0,1600,5,1070
1374,8600,69.0,57096,Petrol,86,1.0,0,1300,3,1025
1375,7750,60.0,57000,Petrol,86,0.0,0,1300,4,1000
1376,7800,60.0,56566,Petrol,110,1.0,0,1600,3,1050
1377,8750,73.0,56307,Petrol,110,1.0,0,1600,3,1050
1378,9500,79.0,56214,Petrol,86,0.0,0,1300,3,1015
1379,7750,60.0,56132,Petrol,110,0.0,0,1600,4,1035
1380,9950,79.0,55425,Petrol,110,0.0,0,1600,5,1075
1381,7750,77.0,54439,Petrol,86,1.0,0,1300,3,1015
1382,5950,69.0,53809,Petrol,110,1.0,0,1600,3,1050
1383,10950,76.0,53133,Petrol,110,1.0,0,1600,5,1070
1384,9450,77.0,52900,Petrol,110,1.0,0,1600,4,1075
1385,8250,80.0,52700,Petrol,110,0.0,0,1600,3,1050
1386,9750,69.0,52320,Petrol,110,0.0,0,1600,5,1070
1387,7450,78.0,52287,Petrol,110,0.0,0,1600,5,1114
1388,8750,75.0,52000,Petrol,110,0.6749611197511665,0,1600,5,1075
1389,8750,69.0,52000,Petrol,110,1.0,0,1600,3,1050
1390,8500,73.0,52000,Petrol,110,1.0,1,1600,4,1065
1391,8950,70.0,51874,Petrol,86,0.0,0,1300,4,1000
1392,7500,79.0,49827,Petrol,86,0.6749611197511665,0,1300,5,1035
1393,7250,69.0,49640,Petrol,110,1.0,0,1600,4,1035
1394,7450,80.0,49580,Petrol,110,1.0,0,1600,4,1035
1395,8750,76.0,49170,Petrol,86,0.6749611197511665,0,1300,3,1045
1396,9800,77.0,48838,Petrol,110,0.0,0,1600,3,1055
1397,7500,71.0,48576,Petrol,86,1.0,0,1300,3,1015
1398,8950,75.0,48400,Petrol,110,1.0,0,1600,5,1075
1399,8950,74.0,48242,Petrol,86,1.0,0,1300,5,1035
1400,7450,70.0,47955,Petrol,110,1.0,0,1600,5,1070
1401,8950,71.0,47633,Petrol,110,1.0,0,1600,5,1075
1402,10500,60.0,47400,Petrol,86,1.0,0,1300,5,1040
1403,7000,73.0,47360,Petrol,86,0.0,0,1300,3,1010
1404,8500,77.0,45507,Petrol,110,1.0,0,1600,3,1050
1405,7750,76.0,45410,Petrol,86,1.0,0,1300,5,1035
1406,8950,70.0,44850,Petrol,110,1.0,0,1600,3,1050
1407,8250,69.0,44826,Petrol,110,0.0,0,1600,5,1075
1408,9250,60.0,44444,Petrol,110,1.0,0,1600,3,1050
1409,7900,75.0,43720,Petrol,110,0.6749611197511665,0,1600,5,1070
1410,8500,78.0,43622,Petrol,86,1.0,0,1300,4,1000
1411,7950,76.0,43532,Petrol,110,0.0,0,1600,5,1070
1412,9950,69.0,42800,Petrol,110,1.0,0,1600,3,1050
1413,8750,74.0,42317,Petrol,107,1.0,1,1600,5,1100
1414,7500,80.0,42186,Petrol,110,1.0,0,1600,3,1050
1415,6950,72.0,42000,Petrol,110,0.6749611197511665,0,1600,3,1050
1416,8950,60.0,40093,Petrol,110,0.0,0,1600,5,1114
1417,8750,79.0,39800,Petrol,107,0.0,1,1600,3,1080
1418,7750,73.0,39168,Petrol,86,0.6749611197511665,0,1300,3,1015
1419,8450,75.0,38945,Petrol,110,0.6749611197511665,0,1600,3,1050
1420,8150,76.0,36537,Petrol,110,0.0,1,1600,4,1075
1421,8500,78.0,??,Petrol,86,0.0,1,1300,3,1045
1422,7600,60.0,36000,Petrol,110,1.0,0,1600,3,1050
1423,7950,80.0,35821,Petrol,86,0.0,1,1300,3,1015
1424,7750,73.0,34717,Petrol,86,0.0,0,1300,3,1015
1425,7950,80.0,??,Petrol,86,1.0,0,1300,4,1000
1426,9950,78.0,30964,Petrol,110,0.6749611197511665,1,1600,3,1080
1427,8950,60.0,29000,Petrol,86,1.0,1,1300,3,1045
1428,8450,72.0,??,Petrol,86,0.6749611197511665,0,1300,3,1015
1429,8950,78.0,24000,Petrol,86,1.0,1,1300,5,1065
1430,8450,80.0,23000,Petrol,86,0.0,0,1300,3,1015
1431,7500,60.0,20544,Petrol,86,1.0,0,1300,3,1025
1432,10845,72.0,??,Petrol,86,0.0,0,1300,3,1015
1433,8500,60.0,17016,Petrol,86,0.0,0,1300,3,1015
1434,7250,70.0,??,Petrol,86,1.0,0,1300,3,1015
1435,6950,76.0,1,Petrol,110,0.0,0,1600,5,1114
